distancia_km,duracion_h,capacidad_tn,mes,tipo,origen,destino,pais_bandera,costo_flete_usd
3022.6,16,26.0,1,CAMION CISTERNA,Puerto Quijarro,Santos,Brasil,373.46
1722.5,10,33.0,6,CAMION,Puerto Quijarro,Rosario,Argentina,188.69
2199.1,7,234.1,9,BARCAZA,Puerto Quijarro,Buenos Aires,Argentina,234.76
550.7,3,33.3,5,CAMION,Warnes,Rosario,Bolivia,67.29
610.2,4,28.5,3,CAMION,San Julian,Puerto Aguirre,Bolivia,75.33
1500,9,400,6,FERROVIARIO,Warnes,Santos,Brasil,240.42
980.4,6,31.7,7,CAMION CISTERNA,San Julian,Puerto Quijarro,Paraguay,81.69
2600,14,1200,11,BARCAZA,Puerto Quijarro,Rosario,Argentina,198.25
350.0,2,25.0,2,CAMION,Warnes,Puerto Aguirre,Bolivia,67.13
1890.7,11,45.2,8,FERROVIARIO,San Julian,Buenos Aires,Argentina,97.58
1200,8,33.0,12,CAMION,Puerto Quijarro,Santos,Brasil,340.19
2100.5,12,800,4,BARCAZA,Puerto Quijarro,Buenos Aires,Paraguay,243.34
