id_recepcion,silo_optimo
786875,64
738105,73
257445,75
1109066,52
548384,47
453179,53
533551,64
715054,13
1201866,13
1534635,8
1380266,57
352322,64
484281,69
320969,36
1086270,27
742272,23
1464692,66
1096696,47
1198497,50
883710,73
1459923,39
177376,44
1459676,57
1234335,67
815470,65
595329,61
802935,31
1471875,26
433624,43
166654,4
444227,65
428001,65
448865,53
1153911,44
278379,84
1245930,47
1081127,52
1358039,80
727809,65
1549449,75
701064,53
920257,11
1186341,3
1184753,19
1168952,65
857604,43
1497468,79
1156052,21
1157724,60
537773,64
225512,4
790602,40
1170758,43
781482,14
901569,73
983693,39
1103493,30
255055,39
1541359,10
1479443,75
484093,53
670111,11
1094839,71
379032,21
347756,65
1286006,14
1254434,16
1011288,7
731387,47
923069,70
1363921,75
1237488,70
971997,75
1167807,31
293816,75
218387,71
1378559,47
472932,79
337987,65
643314,57
505825,16
907704,18
1077775,73
608088,64
1004109,3
1298281,70
1343090,4
487207,82
1357956,71
1431694,78
339194,84
1180147,85
1181461,21
1190594,70
701955,83
771333,21
1261551,73
1333496,73
332413,43
564475,16
533396,44
710417,71
1031882,18
1516354,70
714783,16
230560,10
1228181,47
648636,57
225695,9
1355554,65
658664,64
310657,84
215911,28
740924,45
1018974,65
231126,10
1153328,36
255160,71
945196,9
851548,3
1060842,39
895814,56
480608,4
373981,27
328202,19
963007,79
1246708,26
608542,64
1514141,16
1192069,64
902101,19
1242002,52
1187733,19
716538,16
1139077,46
1095384,47
421721,67
763611,27
367901,43
1366156,82
602986,70
1195411,47
932523,73
1483647,53
1264682,45
625855,36
676033,75
449809,18
152621,19
699850,10
1170145,80
757339,57
1538709,3
821068,64
399652,34
455853,3
467135,73
1500505,18
862310,4
1450148,43
642840,18
802068,73
491264,14
1090948,18
440064,23
1345529,67
1053258,73
486225,52
1515118,57
243154,43
851889,23
1509241,3
1313211,21
1187554,25
391664,21
385785,66
961843,47
625070,47
1438314,73
637934,47
769271,10
1320062,64
155325,16
1280690,80
257884,69
444934,11
932579,67
156801,13
538926,18
738650,65
1456939,44
1383743,71
1111612,70
1221372,80
1038441,23
434618,36
327660,60
1102783,73
993118,36
1080217,70
598918,67
421891,53
409724,3
270924,21
914031,44
1060066,75
1284001,73
861536,73
1238987,84
902144,21
750267,29
1404916,84
552876,21
1291155,84
399534,26
1342087,83
1105589,21
962109,73
1271655,75
255879,65
667942,50
163273,18
274826,13
1114408,47
1505776,48
1020841,73
915164,65
1230686,17
1087390,57
1220994,74
951424,39
1143618,20
869608,64
572120,65
509323,35
631467,65
476899,71
414245,28
241791,36
429678,62
531034,85
1039608,6
920713,61
876772,67
299110,66
1535329,57
776256,70
496372,65
385061,47
849470,16
689985,38
279342,45
1496732,84
855582,39
1006059,66
624259,10
953339,67
1129641,9
192201,6
1488507,66
1525990,67
633902,61
329892,31
793474,44
1481978,54
1538085,84
1078800,57
412478,20
1291205,80
379270,9
776308,3
1423502,66
263846,75
460115,45
1160409,70
215239,10
597065,10
526466,51
837856,83
1334461,67
666742,64
833746,69
490069,19
194185,21
1159099,57
819576,27
1286436,18
597339,23
743762,47
1524490,60
900945,18
385387,45
672446,83
1396267,71
1118338,35
1056666,26
791250,11
1222788,53
688430,3
528556,45
1245512,47
473831,64
840385,21
343620,55
1308274,80
492316,57
1165260,31
1013625,71
851810,79
1241792,73
1134919,3
966355,16
637761,82
1536416,39
715735,79
1214875,64
948437,10
1532556,47
726719,9
248931,65
1409580,17
872766,44
1016379,47
809684,39
1384988,85
1441765,18
213744,23
1022991,64
730452,62
183905,3
661202,36
850661,29
749667,73
1510341,19
476339,66
1300411,3
711458,16
1284562,19
457641,79
1038217,66
393782,45
1010289,57
324939,21
1009486,57
1316976,18
1193013,52
1273886,67
446710,27
520563,46
171944,52
323902,74
1146484,2
498547,36
1435676,70
1093422,79
1008560,73
614319,47
1221671,3
724866,4
757800,9
552558,53
684601,44
427537,85
1164873,47
733531,65
383377,82
576041,70
932054,75
1459484,70
809662,40
875450,84
1464197,64
1415257,73
944650,3
692390,29
686905,73
632259,46
501084,44
649073,4
1205123,69
358775,79
1457434,70
696452,64
1277394,18
899425,36
1404228,73
748250,75
976439,21
1539325,48
1364516,47
1002378,10
365488,65
1218702,79
600970,7
1294444,19
1207539,64
715884,20
323165,16
1021806,39
747096,82
430698,39
704101,3
1090403,39
973595,7
480949,21
1486670,22
1242179,70
686062,71
1457546,67
584055,21
911619,21
239327,70
1191267,67
1326293,26
684804,64
1027859,70
624949,85
595690,39
1259170,23
370936,48
1253405,10
1078373,71
1426320,73
1327514,57
270831,64
458959,75
529545,83
707128,39
1294124,53
1383558,3
969836,66
793617,13
490924,83
918822,47
355601,47
218791,61
1007353,73
614444,47
585266,75
503427,79
226147,70
1082996,29
613274,73
1316033,3
964780,64
750593,3
1067185,64
1411942,64
628525,55
738635,79
408276,70
1520900,67
576763,18
1184161,70
1018760,13
1204810,85
495239,47
1361277,36
561903,21
755255,85
1330185,52
350710,11
498488,46
694518,7
746998,79
445164,8
878778,73
1036103,64
770791,64
1468074,3
604258,73
299634,13
1119286,73
239929,36
714014,19
1222277,36
1501236,18
1321174,57
652258,23
381462,66
1139042,79
824461,36
1510443,11
607426,47
1029876,70
1209044,4
900050,18
611670,79
413926,64
789612,14
950246,73
520323,83
553118,61
347477,84
1482047,11
1099517,46
762722,67
869145,73
1195038,21
464465,64
485078,68
602842,64
1115596,2
911199,57
1399382,4
445533,40
667681,3
1137363,43
1385309,80
452553,65
1430357,66
1195954,84
416856,71
803157,73
1358662,70
618513,44
312160,84
314308,3
1116594,75
390715,70
895114,73
312417,18
877535,53
176876,22
1259594,20
950595,73
904762,23
527876,9
655055,66
691908,14
1116249,65
1148668,48
438589,21
882521,2
852879,19
1037195,73
766944,16
1073541,38
1546126,40
1017982,57
821181,43
907145,70
590402,79
1237612,36
1241025,75
1494401,73
1121925,3
1349560,84
315969,66
958103,21
1301300,23
1049844,50
822038,2
466896,83
150776,20
1207221,55
242537,70
625010,73
1017691,21
549385,64
1328673,70
344972,62
1501033,82
1362147,65
1298763,53
1402695,64
907682,44
292559,29
802337,16
200592,43
292239,71
232256,44
735906,10
371311,47
1443781,20
1438590,73
417685,66
182237,19
587620,64
435724,75
467808,73
520886,52
493447,75
1488217,64
496971,85
194502,70
252878,18
430427,3
458069,18
375346,3
882512,75
1403569,36
1254031,53
718574,71
1529241,32
894113,20
935624,44
441397,75
152521,4
333911,53
473221,65
993740,43
1226801,73
1516102,18
1333007,24
1161329,10
612666,23
1454334,61
651451,70
998880,52
557587,57
592538,61
1132901,83
432211,57
368222,40
1139802,65
503207,73
155927,30
353650,64
1470822,18
1070592,85
1426661,66
421664,23
1230610,65
1393865,58
837920,69
950656,29
502969,73
190836,80
1369678,23
706311,70
539102,65
925447,75
1004220,73
494496,53
1110009,65
177212,73
555360,18
1458901,70
1306675,79
443307,71
776685,3
715541,46
563252,47
1076210,21
1153320,16
266158,32
1068644,70
1310682,45
611709,13
1264676,45
997673,6
709845,10
950343,47
1407598,36
604225,3
1269609,75
570605,67
739983,64
442397,75
426700,84
856900,75
541972,55
806619,39
1081944,66
213367,57
240416,3
1255366,26
506120,62
1307580,14
578927,82
212857,65
372601,53
725973,65
810879,23
689774,53
971873,3
1049308,43
945550,30
1547976,4
261086,48
883362,66
1361030,16
960841,55
1117987,57
1191591,27
1146631,61
1150093,71
490417,19
877259,64
1541974,18
294825,3
193795,71
1113497,4
589239,18
727036,3
1436308,67
1230439,64
1335351,64
1517335,53
821819,31
1526195,80
569772,77
318589,65
465715,73
400950,31
185123,47
1411958,29
369988,29
339510,70
1485117,83
984724,32
378562,47
1111151,73
714955,53
1047788,53
966316,17
1086746,84
1434885,75
293792,69
900352,75
451992,64
1139484,70
529675,10
604232,16
613928,73
1276060,16
1108407,5
976649,55
613335,73
1521408,67
358414,36
736600,18
275986,75
851258,26
820077,79
1313784,73
600511,47
878524,58
486201,64
976858,61
1216280,84
989379,81
1442448,39
356132,26
1364239,27
554672,66
764893,16
1094850,72
875267,8
1141213,70
565137,67
1474877,83
1282832,57
461362,75
975032,20
966255,43
737351,48
1005534,73
1045651,64
694027,8
1444640,84
1127720,79
496747,45
577414,65
563052,64
244830,71
880989,47
451601,61
194806,17
994843,64
979764,57
494334,65
884019,65
416912,52
578572,67
915666,75
848853,18
1494569,44
450890,82
711666,70
974801,67
746980,70
984905,21
1465605,65
553051,45
527003,65
1495327,26
392683,52
769530,80
1384418,70
1537566,70
670535,73
928553,17
993724,20
730463,2
368592,67
861610,67
561277,19
989333,70
1417224,10
382388,73
204607,47
814539,3
583973,18
471858,47
642394,41
612323,47
290756,18
827975,84
320559,61
787846,3
544942,44
1472589,7
1509895,70
231996,73
553480,29
837353,65
195976,36
1400480,58
1284357,10
798628,52
1246225,39
1425988,18
512071,70
1434005,26
1366746,8
422300,16
156232,73
966139,75
340127,65
331658,20
755891,70
1291100,71
832596,47
318626,16
272578,80
751802,3
656125,31
844504,70
1441251,64
953376,73
173783,53
261125,70
438894,75
466634,44
1187723,85
247241,18
614078,21
1035505,79
846003,79
452318,64
312752,53
234586,57
1273507,21
1515827,71
1434720,45
968650,65
908724,18
535404,53
1039110,78
824515,64
227197,75
1419197,16
447649,29
1173909,10
639371,25
166011,65
420210,48
352854,85
1539129,10
689692,65
544235,67
1330085,66
279995,18
846969,45
1020224,62
848900,27
1228868,64
648986,14
351255,16
1115198,80
1379963,60
1178698,52
1439698,29
300852,10
453826,70
601433,35
805346,79
790290,73
176003,21
1048419,43
1464826,65
732948,19
1394522,9
1129036,35
273970,2
1403502,64
382577,65
1384507,62
523486,73
207927,57
651413,10
847844,47
710126,73
568968,60
1346757,64
948947,75
738946,65
516449,67
1054039,47
439936,7
338914,22
1451547,73
499819,6
1263977,62
624347,53
309114,20
1354587,73
873032,73
259512,47
153608,4
510079,58
720355,65
1187735,44
1240032,75
1462738,47
289850,47
1084309,3
382897,73
448353,3
347248,51
1058758,20
503477,44
324225,70
936037,5
601303,52
1100523,44
762694,66
456503,44
844661,71
515110,70
834938,3
1280617,9
1522584,18
1280117,80
668454,53
917337,52
1501671,70
745601,39
383555,19
153343,3
1258013,36
430389,39
254645,64
579995,47
810236,3
1372375,67
1480844,70
532441,20
1001130,65
1439286,4
790796,65
1461397,3
513157,75
1109746,64
613469,79
1085729,70
1026762,40
363175,70
701386,80
1301854,79
526184,4
770971,3
380971,64
1335387,21
948670,73
1067487,65
1402162,57
773461,53
970178,8
406048,66
380356,4
221254,47
151770,14
1356279,3
159761,16
229449,36
1254018,45
1193925,3
215464,57
1521965,79
1088863,72
495290,70
567001,45
1000221,71
595793,47
774742,45
421580,45
793034,73
898005,21
938147,19
1212024,67
886809,19
900874,53
282195,36
447257,46
276672,64
1461602,16
906353,3
996529,21
1456562,3
728844,53
1242550,47
362413,19
1201735,83
595696,47
471360,66
974157,73
195934,62
771808,43
309211,79
1521910,75
151631,8
472107,65
353157,44
1120529,18
240727,50
859056,39
1501037,36
649674,3
160393,10
695413,64
948057,3
860635,44
775174,8
1011252,17
466871,58
1101881,3
554114,31
1230234,10
780758,23
1429485,22
392881,36
700025,21
478977,6
206323,61
605921,20
1222687,70
404146,64
629085,85
1417324,64
900095,65
251995,14
165946,39
969937,70
1276210,46
1449877,75
1533492,65
713100,75
737399,36
466794,47
1324296,8
231745,70
1398785,20
899118,50
376284,73
305475,73
866613,61
952878,64
612055,69
1198647,16
442259,80
1243817,84
1415302,21
1308612,71
428279,21
1527654,9
1511651,57
338102,21
717346,18
1044423,8
1225860,70
735736,31
1247906,23
154134,14
1150482,18
515839,70
724621,62
1378093,67
222282,70
1488482,70
874023,52
341890,22
665911,67
1146614,83
346506,19
274813,8
481484,67
1182651,16
998309,73
919642,73
494224,74
379234,35
338569,15
701745,79
1363072,10
626297,64
537208,32
304353,9
1105165,67
150990,3
1111686,75
584597,26
603527,65
572101,18
1194798,67
1165372,21
432545,64
1337925,14
1200476,21
954547,54
1191804,10
838286,7
592834,21
947154,18
919978,32
700004,8
278677,32
1441995,36
456930,10
1330878,65
642938,75
713730,64
1449105,18
261295,75
1173788,48
1137423,65
286979,21
508605,79
389100,65
780811,3
1441991,13
1444170,73
685619,47
433441,16
1236721,70
1251254,84
1063567,71
1186306,84
920783,65
163029,80
1117558,18
780894,66
763132,78
422708,28
580743,73
861394,14
386001,53
376005,10
930917,10
935066,47
999103,29
391132,10
1541483,19
732070,65
1489520,84
315461,64
427607,43
638598,3
1076809,70
895461,75
1042418,65
776887,40
587385,17
1322890,43
985423,39
1075411,81
1513635,17
1531001,67
1450543,66
782502,61
150393,52
706731,65
411278,47
1384645,79
916929,23
512156,70
1300795,53
1378208,44
1392342,47
1302475,52
262779,10
1208895,45
863225,48
258636,58
358716,5
1311766,62
1251854,16
424253,13
611076,3
384180,36
357957,67
422236,19
267558,80
792845,65
1195535,64
1417035,10
1135587,70
544127,57
471995,70
1476405,47
1512473,54
1013715,73
1123410,71
671153,57
918686,58
548808,84
472863,14
228526,70
880651,75
185904,3
1025643,6
159069,43
508185,82
868334,67
1016425,5
1078595,6
1325987,73
706188,61
721280,53
1464954,73
344364,64
1495045,47
706927,57
318276,75
856575,14
180615,65
1174322,77
1048705,75
474189,12
296841,66
1118552,64
1037550,14
950622,45
161331,43
1431880,45
1420209,64
498474,70
347362,21
835536,26
159361,79
197257,6
1299650,15
769449,83
1380794,67
192624,73
489360,45
387848,16
751370,36
1092184,64
198231,6
719405,18
1351895,85
1400455,53
1061981,3
991689,73
210769,16
759695,57
622706,3
742832,84
1309109,70
873531,57
533093,16
689455,73
1494176,75
1404677,19
162591,69
302344,47
1125409,19
1014587,64
1175775,42
391740,73
390835,3
393208,78
649381,73
678270,44
874367,64
194382,79
455693,7
1464619,53
677995,26
360490,45
818031,65
303913,85
1146683,82
321513,36
467249,65
1036573,74
727848,84
1216472,8
1332741,18
1237071,83
371554,65
660773,57
164072,73
923267,75
994937,67
332607,9
1462839,65
183260,21
424734,73
1205018,50
1476245,19
836683,71
621207,73
792197,61
517622,50
477083,53
1544267,67
342464,70
254899,16
726245,73
1338638,53
1464339,47
1519059,47
1139200,29
1007080,65
403076,21
544720,64
1497313,2
1225594,14
1218163,25
740163,20
1504045,64
606312,47
774132,45
318957,7
819666,23
1002229,7
495870,31
1160898,60
968041,73
623526,3
1440421,62
1122519,43
1527653,62
407782,71
1536056,67
1144099,7
651120,40
1284886,64
460117,48
921679,46
1533716,48
1166664,4
864189,65
325557,70
986540,66
823539,3
1446232,64
642083,23
981868,45
867728,3
168174,73
839563,79
159100,75
1103890,69
1350992,8
350405,39
1479242,21
1425905,48
1514531,14
1512626,67
1211188,53
1173887,64
887189,64
493383,62
507454,65
524694,65
1018062,3
1263942,75
191824,47
1386812,26
665287,73
1279904,3
1328611,44
892362,66
1531166,47
1034604,52
997840,33
1098428,18
773353,45
991989,19
1275442,75
1018864,47
1258734,64
744424,21
772680,21
551044,3
1008573,14
167825,70
1358032,39
519872,3
964718,85
1253977,84
594468,64
164904,81
403166,47
1267395,45
929698,79
1363634,73
1345818,36
617107,70
567726,16
938195,64
286977,7
1431868,75
238727,21
553274,10
906068,10
1053864,16
1278975,23
681232,75
1352209,3
362279,33
1264318,36
1283618,50
1554186,53
1554945,3
1550149,14
1269696,50
683766,11
767655,36
216088,64
669663,57
223937,3
1067268,43
340951,17
592621,67
162724,12
969205,10
306612,48
1002226,23
1299309,47
1280593,70
385845,47
1473330,85
848368,39
532191,31
760600,73
861961,10
1008603,3
1326591,57
1335361,68
1066159,18
1450680,83
1264901,47
273603,10
1031257,19
1031655,85
760432,70
1349002,80
220914,21
515693,50
847830,19
1090294,67
975124,71
375211,61
197091,50
1399256,70
420772,67
351913,65
799549,65
1326150,13
1081187,23
953472,64
1047977,45
157225,75
1436548,65
1104789,53
1474914,22
177698,10
665491,22
1345052,64
540973,34
1261930,83
967616,66
607856,73
478261,21
1523385,82
728028,67
1077874,47
539998,18
774862,53
300531,8
1127381,84
374992,18
691973,66
1131915,84
441096,75
440332,73
1494994,21
757376,40
181623,3
647896,23
1194979,67
1251160,66
647909,70
1168540,9
685890,42
1189141,3
303426,71
1389917,39
660394,19
698436,20
380788,64
357111,16
757198,7
580521,26
1332629,21
558049,36
1154641,43
870213,67
257235,75
1438183,47
1457832,67
934766,3
615761,70
1393046,13
606762,80
368291,82
481837,70
1199587,26
1281410,23
272485,67
863264,47
539205,69
1215693,61
1356925,16
1277813,84
1464518,73
950148,10
494614,9
520196,73
1443416,61
305082,75
623521,70
389812,83
944043,71
1357520,70
314676,66
1309608,61
1527808,57
1360888,60
1357232,52
398546,19
326686,65
893335,18
394656,26
1139208,71
1209687,53
152485,75
1492206,75
1397486,53
1409465,45
203478,71
804895,26
1469399,3
278797,38
1179666,4
932068,14
749680,7
721991,66
1145637,73
281093,18
1406864,36
1430432,65
277788,10
1178859,73
1183743,43
752558,64
334175,73
150929,65
566725,70
1406669,83
873722,10
1104661,19
649155,75
1424669,65
317932,52
487423,64
975186,85
702468,73
1048347,71
918708,4
861939,10
550374,16
699856,3
1266352,52
984229,64
907312,23
778728,10
775281,64
1292874,36
1024874,47
519658,4
835588,70
997175,73
635975,16
342840,19
967296,33
1005724,19
1001876,41
590142,3
1165578,20
843836,8
625958,20
394418,73
1295219,70
1377816,71
1467618,73
330639,52
838720,47
633319,3
232577,19
737782,16
684652,3
1056741,21
624746,82
956185,64
1106746,70
555885,18
1215347,21
1497085,83
1257171,18
1359145,10
