id_productor,tipo,vol,comp
1701,ASOCIACION,14972.309999999998,233.23000000000002
1679,EMPRESA AGROPECUARIA,21460.73999999999,1706.45
594,INDIVIDUAL,7374.979999999992,94.2
1967,COMUNIDAD,13984.150000000005,902.88
776,COOPERATIVA,37148.31000000001,1458.3200000000002
358,INDIVIDUAL,21543.389999999992,492.52
1922,ASOCIACION,28966.33999999999,1105.8600000000001
812,INDIVIDUAL,29228.1,1009.34
28,INDIVIDUAL,73494.00999999997,3162.92
1673,INDIVIDUAL,21750.53000000001,660.9300000000001
528,COOPERATIVA,20580.33,1239.8100000000002
1690,INDIVIDUAL,35482.750000000015,1138.23
1485,COMUNIDAD,46076.20999999996,3066.73
452,ASOCIACION,14533.370000000004,239.21
1398,EMPRESA AGROPECUARIA,21283.949999999986,1083.37
1160,INDIVIDUAL,21292.859999999993,513.48
827,INDIVIDUAL,14887.820000000002,458.63
1593,COOPERATIVA,28371.129999999997,1659.1599999999999
987,INDIVIDUAL,13192.009999999995,1441.52
1197,COOPERATIVA,34623.48999999999,1123.42
1210,ASOCIACION,7215.33,250.18
696,COOPERATIVA,6785.770000000002,258.72
1157,INDIVIDUAL,28987.309999999994,940.1300000000001
1658,INDIVIDUAL,31295.40000000001,1486.2800000000002
238,INDIVIDUAL,43578.30000000001,1901.3
1115,INDIVIDUAL,21312.170000000002,445.12
946,INDIVIDUAL,37103.87000000001,1111.98
904,ASOCIACION,20483.659999999993,1386.24
1020,INDIVIDUAL,34576.710000000014,1276.8000000000002
466,INDIVIDUAL,35857.75,652.1
463,INDIVIDUAL,7418.300000000003,86.92
1718,INDIVIDUAL,7181.760000000002,85.07
359,INDIVIDUAL,6799.209999999997,42.19
1211,COOPERATIVA,19560.3,550.6
1941,COOPERATIVA,15746.749999999985,337.90999999999997
1549,COOPERATIVA,35309.76999999998,1443.56
926,EMPRESA AGROPECUARIA,7482.419999999998,116.98
491,INDIVIDUAL,14687.520000000004,419.41999999999996
354,COMUNIDAD,27963.640000000003,2200.1800000000003
959,INDIVIDUAL,14355.680000000004,559.14
453,INDIVIDUAL,13698.220000000016,636.06
1368,INDIVIDUAL,15840.920000000004,496.46
237,INDIVIDUAL,37544.71,2442.29
890,EMPRESA AGROPECUARIA,28496.42,1948.27
1979,COOPERATIVA,22000.80999999999,1204.53
1961,ASOCIACION,22131.799999999996,1620.15
846,COMUNIDAD,27770.050000000017,1467.0700000000002
688,INDIVIDUAL,13949.340000000007,241.43
1072,COOPERATIVA,7946.489999999997,87.0
1900,INDIVIDUAL,37213.52999999999,1158.24
779,COOPERATIVA,15409.929999999997,1054.85
650,COOPERATIVA,28277.980000000003,1327.01
1921,ASOCIACION,34818.5,3845.1499999999996
951,EMPRESA AGROPECUARIA,28818.81,823.08
379,INDIVIDUAL,22541.8,296.1
2000,EMPRESA AGROPECUARIA,21717.57,937.24
1277,INDIVIDUAL,34840.67000000001,1431.01
138,ASOCIACION,43684.899999999994,2996.36
1540,INDIVIDUAL,30061.910000000003,2091.4700000000003
748,INDIVIDUAL,7365.330000000002,147.39
1638,INDIVIDUAL,27536.449999999997,833.9
373,INDIVIDUAL,14668.810000000009,767.72
1417,EMPRESA AGROPECUARIA,20560.47999999998,821.97
1801,INDIVIDUAL,29446.079999999994,949.37
189,ASOCIACION,15284.16000000001,1015.88
50,EMPRESA AGROPECUARIA,14789.95,1039.25
1530,INDIVIDUAL,6458.8200000000015,149.86
526,INDIVIDUAL,14032.849999999995,592.04
1693,COOPERATIVA,21690.910000000003,1175.16
868,ASOCIACION,14134.680000000008,932.77
1330,INDIVIDUAL,7677.439999999998,944.95
642,ASOCIACION,21837.3,1421.3200000000002
1089,INDIVIDUAL,7008.950000000002,258.29
1203,ASOCIACION,19947.890000000003,763.5799999999999
1958,INDIVIDUAL,6743.069999999999,175.17
206,EMPRESA AGROPECUARIA,6869.089999999996,314.61
1924,COMUNIDAD,21387.620000000003,690.07
758,ASOCIACION,14017.48,1241.35
736,INDIVIDUAL,29848.03000000001,1074.39
1523,INDIVIDUAL,14457.32,336.96
700,INDIVIDUAL,26040.69999999999,1169.31
972,INDIVIDUAL,20274.929999999993,923.4
1748,INDIVIDUAL,15030.210000000005,1138.67
628,COOPERATIVA,13686.31,373.63
969,ASOCIACION,30917.40999999999,1215.78
873,INDIVIDUAL,20678.620000000003,935.8699999999999
366,INDIVIDUAL,14392.970000000003,141.12
1899,INDIVIDUAL,28872.770000000008,1278.25
843,INDIVIDUAL,14294.389999999998,691.9300000000001
1952,INDIVIDUAL,21883.360000000004,724.71
1032,ASOCIACION,14130.050000000003,953.62
1347,ASOCIACION,42631.540000000045,1763.95
1435,INDIVIDUAL,27872.7,1922.17
1529,INDIVIDUAL,34937.04999999999,1732.1499999999999
1371,INDIVIDUAL,34831.73999999998,1281.51
626,EMPRESA AGROPECUARIA,36477.65,2343.35
989,COOPERATIVA,27410.850000000002,830.31
242,ASOCIACION,36302.67999999997,1010.1100000000001
56,ASOCIACION,41308.28000000002,2658.61
1788,ASOCIACION,13670.999999999996,249.34999999999997
804,INDIVIDUAL,22995.819999999996,1204.19
686,COOPERATIVA,37067.49999999997,2212.22
309,ASOCIACION,22135.500000000004,1128.59
1029,INDIVIDUAL,27094.06000000001,1200.93
344,ASOCIACION,14351.550000000007,595.59
1956,INDIVIDUAL,15228.679999999997,1312.3700000000001
1169,INDIVIDUAL,30402.16000000001,1421.53
1364,INDIVIDUAL,15128.95,1249.33
124,ASOCIACION,7336.870000000003,109.17
1350,COOPERATIVA,28305.61000000001,1032.19
1007,INDIVIDUAL,7090.019999999998,368.31
1840,INDIVIDUAL,22390.850000000006,711.03
1056,INDIVIDUAL,14628.62999999999,910.42
920,ASOCIACION,27364.76000000001,1381.32
475,ASOCIACION,21788.850000000006,696.37
1977,INDIVIDUAL,21127.020000000008,936.59
1198,INDIVIDUAL,7137.670000000001,244.74
1296,INDIVIDUAL,14656.469999999996,424.75
790,INDIVIDUAL,27861.920000000013,826.92
597,ASOCIACION,21244.670000000002,547.62
1749,COMUNIDAD,14708.109999999995,618.11
1536,ASOCIACION,34913.169999999984,1442.32
802,INDIVIDUAL,34852.220000000016,871.5699999999999
1769,EMPRESA AGROPECUARIA,34045.979999999996,643.6500000000001
313,INDIVIDUAL,28372.150000000005,1311.8899999999999
583,ASOCIACION,7537.060000000001,443.6
1399,ASOCIACION,29178.730000000003,736.29
1145,INDIVIDUAL,36877.020000000004,1946.76
171,INDIVIDUAL,21993.4,539.44
1973,INDIVIDUAL,6961.470000000001,214.89
1608,COOPERATIVA,14329.109999999995,1513.83
1346,EMPRESA AGROPECUARIA,37021.49,962.1
1246,INDIVIDUAL,21563.990000000005,1825.26
564,COOPERATIVA,7482.8200000000015,88.91
851,COOPERATIVA,21742.77,340.82
1299,ASOCIACION,69776.34999999999,5345.94
1189,INDIVIDUAL,50064.14999999998,1200.83
1740,COOPERATIVA,6302.130000000008,121.98
970,INDIVIDUAL,14641.889999999996,657.65
105,ASOCIACION,29246.529999999988,1783.1200000000001
1221,INDIVIDUAL,21588.380000000005,561.04
1783,COOPERATIVA,34893.210000000014,2834.56
1349,COOPERATIVA,43950.619999999966,1200.19
645,INDIVIDUAL,7179.300000000003,627.36
1031,INDIVIDUAL,7569.260000000002,290.74
1369,EMPRESA AGROPECUARIA,22277.270000000004,987.69
67,INDIVIDUAL,37038.270000000004,1236.97
771,ASOCIACION,14277.500000000004,380.1
1114,INDIVIDUAL,35730.64,556.79
294,INDIVIDUAL,7830.6100000000015,53.17
1935,ASOCIACION,50162.20999999999,2357.3599999999997
1483,ASOCIACION,21278.31999999999,1137.1
1750,COMUNIDAD,6408.490000000002,140.52
1531,INDIVIDUAL,21505.85999999999,460.82
1981,INDIVIDUAL,21834.620000000014,1257.98
1931,COOPERATIVA,36755.48,922.9300000000001
325,EMPRESA AGROPECUARIA,21002.76999999999,903.0699999999999
1038,ASOCIACION,14099.779999999997,265.19
795,INDIVIDUAL,22326.34,615.3399999999999
489,INDIVIDUAL,33319.52999999999,2472.49
319,EMPRESA AGROPECUARIA,14527.739999999998,1081.29
27,EMPRESA AGROPECUARIA,44002.73000000001,1668.42
876,COOPERATIVA,50137.94,1762.02
1613,INDIVIDUAL,13801.87,796.1300000000001
1675,INDIVIDUAL,21962.80999999999,1241.46
334,COOPERATIVA,22217.62,784.4000000000001
550,COOPERATIVA,13581.28,2940.3199999999997
18,EMPRESA AGROPECUARIA,14142.299999999996,407.75
832,INDIVIDUAL,6461.429999999999,102.91
211,COOPERATIVA,6885.659999999999,430.07
503,INDIVIDUAL,7062.229999999998,588.31
1890,INDIVIDUAL,7359.38,364.93
357,ASOCIACION,20305.089999999993,1074.09
531,EMPRESA AGROPECUARIA,20891.649999999994,1321.46
1849,COOPERATIVA,13292.89000000001,1320.3899999999999
427,EMPRESA AGROPECUARIA,28805.24999999999,2076.86
266,INDIVIDUAL,20372.510000000002,727.52
1187,INDIVIDUAL,14831.430000000004,940.1
1496,INDIVIDUAL,43981.469999999994,1373.96
1632,COOPERATIVA,14492.460000000003,467.93
1728,EMPRESA AGROPECUARIA,14323.690000000013,315.33000000000004
79,INDIVIDUAL,13922.120000000006,352.87
1241,ASOCIACION,28421.379999999994,1075.52
803,COOPERATIVA,26961.54,1340.38
938,INDIVIDUAL,7262.969999999999,109.6
929,EMPRESA AGROPECUARIA,36767.200000000004,1311.65
1747,ASOCIACION,21691.839999999997,1389.1100000000001
632,INDIVIDUAL,12752.96999999999,338.07
152,ASOCIACION,28440.87,911.53
1647,INDIVIDUAL,36960.889999999985,1299.19
169,INDIVIDUAL,7807.810000000002,246.14
1976,INDIVIDUAL,7912.339999999999,799.46
996,ASOCIACION,7642.710000000005,60.35
434,INDIVIDUAL,29058.689999999995,1251.48
1955,EMPRESA AGROPECUARIA,28363.489999999998,1383.5600000000002
1700,EMPRESA AGROPECUARIA,21070.749999999993,1681.33
1424,EMPRESA AGROPECUARIA,15425.030000000006,398.72
1482,EMPRESA AGROPECUARIA,29068.47,876.33
1807,ASOCIACION,7066.540000000001,87.2
1917,COMUNIDAD,20621.68,982.57
1744,ASOCIACION,13712.240000000002,1159.72
16,EMPRESA AGROPECUARIA,47963.839999999975,1991.6200000000001
738,COMUNIDAD,36808.39,1338.91
888,INDIVIDUAL,22376.019999999997,521.96
1225,ASOCIACION,13943.149999999998,281.0
371,ASOCIACION,37586.649999999994,755.11
1855,COOPERATIVA,14438.719999999994,300.32
532,ASOCIACION,21233.02000000001,1055.15
141,COMUNIDAD,13174.679999999984,289.94
441,INDIVIDUAL,27133.359999999997,1258.6399999999999
875,ASOCIACION,27446.709999999995,1103.0
670,INDIVIDUAL,22416.520000000004,564.0500000000001
533,INDIVIDUAL,13519.990000000007,322.28000000000003
37,INDIVIDUAL,6197.85,370.88
877,INDIVIDUAL,6384.940000000003,226.97
1321,INDIVIDUAL,28411.90999999999,1551.62
1174,INDIVIDUAL,20427.470000000005,914.0
1233,COOPERATIVA,14711.860000000004,623.76
1895,COOPERATIVA,23481.879999999994,557.64
296,INDIVIDUAL,7513.740000000001,514.15
1642,EMPRESA AGROPECUARIA,30775.179999999986,2224.04
930,INDIVIDUAL,6877.759999999999,1127.84
794,COOPERATIVA,21755.149999999987,1603.16
446,ASOCIACION,14128.07999999999,900.27
1959,INDIVIDUAL,20810.970000000005,559.26
1736,EMPRESA AGROPECUARIA,44143.84999999999,1814.3000000000002
254,INDIVIDUAL,22547.069999999992,1004.52
1861,INDIVIDUAL,20783.660000000003,467.72
1208,INDIVIDUAL,7683.82,441.52
1019,INDIVIDUAL,14899.8,414.64
1556,COOPERATIVA,22639.679999999993,1294.36
563,ASOCIACION,20486.15,947.07
593,ASOCIACION,15500.14,232.79
1138,ASOCIACION,21524.489999999998,793.93
1374,INDIVIDUAL,6869.799999999998,223.31
997,COMUNIDAD,34357.96000000001,2994.49
134,INDIVIDUAL,42679.06,1196.49
1125,INDIVIDUAL,7966.960000000001,93.34
1850,ASOCIACION,15087.679999999997,1631.78
44,INDIVIDUAL,27407.4,1513.1100000000001
739,EMPRESA AGROPECUARIA,6926.35,159.34
1436,INDIVIDUAL,21356.84,404.53999999999996
271,INDIVIDUAL,14090.210000000001,458.58
534,INDIVIDUAL,28739.569999999992,1924.01
288,INDIVIDUAL,13993.660000000003,1067.8700000000001
284,COOPERATIVA,37521.05,1426.25
1249,COOPERATIVA,21265.54,596.5600000000001
1023,COOPERATIVA,14788.880000000001,845.59
1292,INDIVIDUAL,22508.140000000007,1363.0700000000002
390,INDIVIDUAL,7794.769999999999,738.26
809,ASOCIACION,42366.65,6628.88
1773,ASOCIACION,21102.540000000005,1077.15
887,ASOCIACION,15300.939999999999,549.3599999999999
1897,EMPRESA AGROPECUARIA,22084.139999999996,752.3499999999999
430,INDIVIDUAL,22276.029999999977,3245.02
1677,EMPRESA AGROPECUARIA,22535.969999999994,547.54
978,INDIVIDUAL,6613.979999999999,763.81
465,INDIVIDUAL,22261.639999999996,347.03
1094,ASOCIACION,20890.16,2801.6600000000003
1661,COOPERATIVA,14470.620000000006,1034.1399999999999
878,ASOCIACION,7531.1600000000035,725.64
1403,ASOCIACION,20497.939999999995,1648.44
246,ASOCIACION,21739.669999999984,1630.2600000000002
1877,INDIVIDUAL,27758.029999999977,632.32
1829,INDIVIDUAL,35004.51999999999,1343.4199999999998
1214,INDIVIDUAL,13873.710000000014,293.5
1767,INDIVIDUAL,44512.0,1549.69
679,ASOCIACION,29505.870000000003,2810.2799999999997
110,ASOCIACION,27972.069999999985,3034.38
127,ASOCIACION,21458.280000000002,1223.69
540,INDIVIDUAL,22249.02999999999,504.37
992,INDIVIDUAL,28210.969999999998,2326.19
279,COOPERATIVA,46319.66000000002,2027.71
954,ASOCIACION,14400.289999999997,1261.1
697,ASOCIACION,35675.48999999999,4289.4
1547,INDIVIDUAL,42443.779999999984,1400.92
1878,INDIVIDUAL,7136.259999999999,160.99
538,INDIVIDUAL,22048.54999999999,657.8
721,INDIVIDUAL,14873.619999999999,1535.4
1860,EMPRESA AGROPECUARIA,13521.170000000002,1070.78
1143,ASOCIACION,22084.689999999995,1522.77
781,INDIVIDUAL,7121.239999999997,74.37
385,INDIVIDUAL,7123.720000000002,855.25
403,ASOCIACION,7414.020000000001,212.27
1120,ASOCIACION,14574.529999999997,903.77
1791,INDIVIDUAL,28747.63999999997,1380.31
770,INDIVIDUAL,30270.500000000004,852.88
902,ASOCIACION,36654.56999999999,1059.21
635,COMUNIDAD,14099.349999999999,389.66999999999996
584,INDIVIDUAL,28983.589999999997,1323.3
570,COOPERATIVA,22558.93,769.92
1128,INDIVIDUAL,22268.25000000001,1273.4
490,INDIVIDUAL,35406.54999999999,756.14
485,COOPERATIVA,51441.29,1673.6200000000001
1109,INDIVIDUAL,14862.700000000006,671.28
1668,INDIVIDUAL,22229.829999999998,760.44
1184,ASOCIACION,23194.400000000016,658.77
1193,ASOCIACION,7497.450000000001,544.46
82,COOPERATIVA,6667.960000000002,530.34
172,COOPERATIVA,35242.69999999998,1366.25
1103,INDIVIDUAL,20701.670000000013,1378.77
1811,INDIVIDUAL,15050.880000000003,680.31
1742,COOPERATIVA,7060.620000000003,114.03
1422,COMUNIDAD,22231.89,1192.6599999999999
222,INDIVIDUAL,21448.389999999996,1092.09
675,COOPERATIVA,28940.259999999984,1489.28
817,COOPERATIVA,14103.679999999997,915.4
278,INDIVIDUAL,14727.499999999993,727.77
1151,INDIVIDUAL,28148.629999999997,1693.92
1318,COOPERATIVA,13765.87,971.6
1065,INDIVIDUAL,44388.97000000001,1987.0
687,INDIVIDUAL,14167.700000000004,1152.75
921,INDIVIDUAL,7654.509999999999,743.0
117,INDIVIDUAL,14347.98,194.51999999999998
454,INDIVIDUAL,7260.819999999998,64.32
329,ASOCIACION,22544.840000000004,631.11
440,INDIVIDUAL,22663.810000000005,1630.0900000000001
1052,ASOCIACION,13423.330000000002,604.88
1541,COOPERATIVA,27177.980000000003,3439.46
207,COMUNIDAD,14051.1,202.49
554,INDIVIDUAL,35755.45,2372.57
1751,COMUNIDAD,22424.40000000001,750.98
850,INDIVIDUAL,21729.56,1110.08
577,INDIVIDUAL,15183.939999999997,295.2
1106,INDIVIDUAL,14060.250000000002,1262.22
330,INDIVIDUAL,22300.26,1130.05
1181,COOPERATIVA,27393.75,2437.05
215,INDIVIDUAL,7059.2300000000005,167.25
223,ASOCIACION,21935.239999999994,462.88
407,INDIVIDUAL,41925.96,1742.5800000000002
1122,INDIVIDUAL,36938.45,1613.58
1975,INDIVIDUAL,49567.55,1403.4
1842,ASOCIACION,14383.179999999995,567.87
1655,ASOCIACION,13540.869999999999,788.23
1645,EMPRESA AGROPECUARIA,20842.32,621.77
958,ASOCIACION,6263.580000000002,72.69
95,ASOCIACION,22093.47,1170.94
1995,ASOCIACION,6873.150000000004,910.17
754,INDIVIDUAL,29886.420000000016,719.98
1316,INDIVIDUAL,6651.870000000004,338.81
1680,COOPERATIVA,42704.059999999976,1702.47
1630,ASOCIACION,14203.42999999999,481.3
1226,EMPRESA AGROPECUARIA,21745.730000000003,1748.77
1711,ASOCIACION,22134.989999999998,3141.36
702,EMPRESA AGROPECUARIA,22897.64,1460.29
23,ASOCIACION,15069.250000000005,457.06
1213,ASOCIACION,13784.82,1257.4900000000002
749,INDIVIDUAL,21178.859999999997,1701.65
933,ASOCIACION,13575.310000000005,495.96000000000004
72,INDIVIDUAL,14181.979999999996,2693.88
1275,EMPRESA AGROPECUARIA,42329.020000000004,3706.79
280,INDIVIDUAL,50827.409999999996,2513.81
1580,INDIVIDUAL,27757.249999999993,1605.79
1441,INDIVIDUAL,20969.290000000005,1536.93
931,ASOCIACION,21095.880000000012,803.0899999999999
1533,ASOCIACION,14388.470000000001,729.77
218,ASOCIACION,21469.260000000002,1224.29
768,ASOCIACION,42432.06999999999,1224.4099999999999
1932,INDIVIDUAL,20667.619999999995,1038.95
1522,INDIVIDUAL,27066.999999999996,1427.42
1209,ASOCIACION,20451.190000000006,502.97999999999996
1538,INDIVIDUAL,30590.75,3012.41
915,COOPERATIVA,15166.389999999996,468.88
1171,INDIVIDUAL,20162.06000000001,521.51
565,INDIVIDUAL,6978.779999999997,150.09
479,ASOCIACION,12996.86,508.01
1676,ASOCIACION,50006.78999999998,1980.22
807,INDIVIDUAL,14823.2,347.53
362,INDIVIDUAL,13762.830000000009,354.35
297,INDIVIDUAL,50449.690000000024,1419.24
602,INDIVIDUAL,29459.46,1145.22
435,INDIVIDUAL,29772.16,1060.3600000000001
1908,ASOCIACION,14030.869999999997,401.44
1155,ASOCIACION,15383.549999999997,431.69
729,ASOCIACION,7056.880000000004,99.02
1418,INDIVIDUAL,14509.130000000001,144.86
314,ASOCIACION,27758.139999999992,1419.74
483,INDIVIDUAL,20473.44,832.9300000000001
201,COOPERATIVA,27101.67000000002,1272.6000000000001
1929,ASOCIACION,29701.96,1805.4299999999998
1287,INDIVIDUAL,7435.179999999997,108.61
728,EMPRESA AGROPECUARIA,14741.090000000002,178.93
12,INDIVIDUAL,14377.57,723.4200000000001
510,INDIVIDUAL,42760.290000000015,1302.21
1479,INDIVIDUAL,7512.980000000001,260.08
544,INDIVIDUAL,35570.899999999994,809.86
1095,ASOCIACION,34877.11,2190.72
1879,INDIVIDUAL,29554.710000000003,2635.99
1964,ASOCIACION,29143.85999999999,2118.5
1084,COOPERATIVA,29895.21,1689.1999999999998
368,INDIVIDUAL,14579.009999999991,272.03
1923,COOPERATIVA,20977.579999999994,1230.3400000000001
610,COOPERATIVA,22622.78,497.08
603,INDIVIDUAL,36423.749999999985,1771.94
228,ASOCIACION,28790.19999999999,946.84
2,INDIVIDUAL,20983.730000000007,489.99
1992,INDIVIDUAL,27947.14,2189.56
1710,COMUNIDAD,34429.86,1084.3600000000001
1602,ASOCIACION,15121.850000000002,767.5899999999999
1662,EMPRESA AGROPECUARIA,15049.839999999998,587.97
718,COOPERATIVA,21811.93,478.35
53,INDIVIDUAL,28509.210000000006,2212.43
761,INDIVIDUAL,21427.85000000001,585.22
1037,ASOCIACION,50115.38000000002,1260.7
1405,EMPRESA AGROPECUARIA,14727.879999999997,563.21
346,EMPRESA AGROPECUARIA,6464.249999999999,988.41
1859,ASOCIACION,14160.119999999999,1173.61
599,ASOCIACION,28938.579999999994,615.0600000000001
1015,EMPRESA AGROPECUARIA,27871.14,1921.4199999999998
855,INDIVIDUAL,51844.96,1369.8600000000001
661,EMPRESA AGROPECUARIA,26862.850000000006,879.03
231,INDIVIDUAL,21233.780000000006,1213.65
1626,ASOCIACION,20825.88000000001,1038.35
1237,COMUNIDAD,21519.469999999998,995.52
1207,ASOCIACION,14307.119999999999,1090.63
122,COOPERATIVA,21621.53,691.3000000000001
652,COOPERATIVA,28567.649999999994,756.63
968,INDIVIDUAL,37500.22,1245.3200000000002
467,INDIVIDUAL,7112.58,304.8
1589,INDIVIDUAL,13781.389999999992,419.13
1419,COOPERATIVA,22003.460000000006,539.61
578,INDIVIDUAL,15171.219999999998,189.93
1024,INDIVIDUAL,7080.15,584.25
423,INDIVIDUAL,7123.4999999999945,178.67
193,COOPERATIVA,27344.890000000007,1163.3899999999999
208,COOPERATIVA,36936.84,1683.15
993,INDIVIDUAL,28100.479999999996,1462.62
30,COMUNIDAD,14601.940000000002,1188.5
1182,ASOCIACION,6958.160000000002,201.93
1274,ASOCIACION,21203.58000000001,560.79
163,INDIVIDUAL,14881.849999999995,481.22
1782,COMUNIDAD,28618.439999999995,510.07
1805,COMUNIDAD,13489.889999999992,1107.12
791,EMPRESA AGROPECUARIA,7394.679999999999,108.49
1753,EMPRESA AGROPECUARIA,20832.519999999997,1572.81
789,COOPERATIVA,14615.789999999994,546.02
306,ASOCIACION,7368.340000000002,684.25
1335,COOPERATIVA,28544.170000000002,1494.6
149,INDIVIDUAL,27722.690000000002,745.64
1048,ASOCIACION,28894.780000000006,1380.9299999999998
940,COOPERATIVA,22423.239999999998,1121.5
1266,ASOCIACION,6507.109999999998,643.82
429,INDIVIDUAL,14272.180000000004,274.11
630,EMPRESA AGROPECUARIA,14182.529999999995,682.82
1552,ASOCIACION,14024.98,1004.5500000000001
786,INDIVIDUAL,15271.08000000001,1126.5900000000001
1991,EMPRESA AGROPECUARIA,21171.470000000005,694.41
1345,INDIVIDUAL,21317.800000000007,895.23
375,ASOCIACION,36665.90000000001,1795.0
1220,INDIVIDUAL,22363.639999999992,525.52
1586,INDIVIDUAL,21880.27999999999,2276.1499999999996
417,COOPERATIVA,37330.52999999999,1398.22
392,INDIVIDUAL,14833.469999999998,1168.82
1545,COMUNIDAD,7083.760000000002,314.39
1021,INDIVIDUAL,7545.6399999999985,107.01
449,ASOCIACION,7317.659999999996,90.74
1993,ASOCIACION,15151.510000000002,554.33
315,ASOCIACION,15291.52,666.26
1027,INDIVIDUAL,28570.40000000001,1103.74
1962,INDIVIDUAL,22691.73999999999,1126.46
629,EMPRESA AGROPECUARIA,27645.949999999997,1148.28
1762,INDIVIDUAL,22682.010000000002,517.48
132,EMPRESA AGROPECUARIA,50734.009999999995,3425.67
387,EMPRESA AGROPECUARIA,20614.759999999995,394.35
437,INDIVIDUAL,36159.520000000004,1996.36
365,EMPRESA AGROPECUARIA,6589.010000000003,181.45
1863,ASOCIACION,35200.259999999995,1676.75
793,INDIVIDUAL,7468.579999999999,104.29
1641,INDIVIDUAL,7302.889999999996,356.86
714,INDIVIDUAL,21353.93999999999,1974.8399999999997
1495,COMUNIDAD,7797.979999999996,1009.37
1082,INDIVIDUAL,15111.43000000002,2452.0299999999997
772,COOPERATIVA,48878.14000000001,2965.3999999999996
1243,EMPRESA AGROPECUARIA,13524.460000000006,716.63
574,COMUNIDAD,28554.719999999994,329.99
419,ASOCIACION,20565.599999999988,1067.63
164,INDIVIDUAL,15068.989999999996,395.36
744,INDIVIDUAL,15289.080000000005,585.86
1261,EMPRESA AGROPECUARIA,29048.519999999997,1353.8000000000002
834,ASOCIACION,26982.21,3201.39
1126,EMPRESA AGROPECUARIA,41936.42000000001,1910.05
1218,INDIVIDUAL,21126.55000000001,929.4900000000001
1854,ASOCIACION,50283.880000000005,1634.03
1944,INDIVIDUAL,15084.07,398.87
1446,COOPERATIVA,6733.089999999999,80.3
801,INDIVIDUAL,7334.440000000001,501.27
400,INDIVIDUAL,14314.520000000006,400.37
1510,ASOCIACION,36553.24000000001,1797.19
1725,INDIVIDUAL,7196.240000000002,266.77
1902,COOPERATIVA,21939.240000000005,2670.1800000000003
889,EMPRESA AGROPECUARIA,30394.17,1843.58
1581,COOPERATIVA,13378.459999999995,278.81
1816,COMUNIDAD,13319.530000000006,555.06
301,COOPERATIVA,8130.219999999999,132.06
612,INDIVIDUAL,14257.42000000001,714.98
829,INDIVIDUAL,30551.130000000005,1504.56
1050,INDIVIDUAL,13837.429999999997,444.04999999999995
109,COMUNIDAD,42621.62000000002,1415.29
1827,INDIVIDUAL,21749.580000000005,559.5799999999999
276,EMPRESA AGROPECUARIA,6604.450000000003,277.82
1100,COOPERATIVA,28614.42000000001,1645.83
1097,INDIVIDUAL,43887.88000000001,3914.9
1055,EMPRESA AGROPECUARIA,7297.5399999999945,473.48
1578,ASOCIACION,14124.050000000001,1189.95
1463,INDIVIDUAL,34081.94999999999,1477.04
1525,INDIVIDUAL,14069.579999999998,540.77
76,INDIVIDUAL,37464.09000000001,1414.04
481,COOPERATIVA,27987.760000000006,1721.77
1018,EMPRESA AGROPECUARIA,43401.97000000001,1698.37
378,ASOCIACION,43021.739999999976,1878.1
1232,INDIVIDUAL,7065.120000000005,113.4
1814,ASOCIACION,34729.26000000001,1618.17
24,COOPERATIVA,29808.719999999987,1391.4
209,INDIVIDUAL,13143.110000000002,261.14
26,ASOCIACION,14233.399999999998,435.07
1137,COMUNIDAD,29859.770000000004,1712.81
620,INDIVIDUAL,14805.429999999997,933.99
1154,INDIVIDUAL,14361.159999999993,988.1700000000001
1030,INDIVIDUAL,43148.950000000004,3846.09
1148,INDIVIDUAL,7920.080000000003,1362.4
896,INDIVIDUAL,28263.569999999992,2490.19
1017,INDIVIDUAL,13851.609999999997,561.4200000000001
1787,INDIVIDUAL,22572.240000000005,675.73
250,INDIVIDUAL,28431.110000000004,701.66
264,ASOCIACION,21792.68,705.76
165,COOPERATIVA,30169.43,1772.84
1517,INDIVIDUAL,14953.870000000004,615.6299999999999
668,INDIVIDUAL,36351.21000000001,2632.1800000000003
35,INDIVIDUAL,21244.199999999997,1023.87
1149,ASOCIACION,34845.299999999996,1244.51
1144,COOPERATIVA,22353.09,1321.94
1428,EMPRESA AGROPECUARIA,56982.34000000001,2291.17
121,INDIVIDUAL,14617.799999999996,429.69
898,ASOCIACION,21924.379999999997,1293.6100000000001
1465,INDIVIDUAL,14195.669999999998,918.51
1821,INDIVIDUAL,43815.590000000026,1366.8400000000001
1735,ASOCIACION,29327.010000000002,1796.8400000000001
833,INDIVIDUAL,21252.56,414.12
529,INDIVIDUAL,27662.180000000004,1264.06
900,COOPERATIVA,29288.609999999997,1323.95
1576,ASOCIACION,22105.570000000018,1557.94
382,INDIVIDUAL,12978.879999999996,737.48
1689,ASOCIACION,21829.82,1717.63
185,COOPERATIVA,27744.47,1361.25
953,INDIVIDUAL,29884.999999999996,870.1
1621,INDIVIDUAL,33437.56000000002,1449.74
1257,INDIVIDUAL,28458.26999999999,1223.78
1380,INDIVIDUAL,42758.12,915.06
1124,INDIVIDUAL,7025.38,798.72
322,COOPERATIVA,44691.87000000001,1816.78
1416,COOPERATIVA,15055.85,848.78
295,COOPERATIVA,7330.229999999998,183.89
530,ASOCIACION,14037.790000000005,806.16
1449,EMPRESA AGROPECUARIA,28465.890000000003,2616.08
308,ASOCIACION,14398.319999999992,345.51
342,ASOCIACION,36875.73,649.63
586,ASOCIACION,14098.179999999997,563.1800000000001
1489,INDIVIDUAL,21032.129999999997,1786.02
549,INDIVIDUAL,21136.570000000007,1093.0
142,INDIVIDUAL,21657.059999999994,770.8199999999999
1191,EMPRESA AGROPECUARIA,27926.780000000006,1284.15
1763,COOPERATIVA,34650.94000000002,1956.9
194,INDIVIDUAL,14297.930000000008,736.31
633,INDIVIDUAL,7108.110000000001,248.76
1411,COOPERATIVA,7854.039999999997,331.12
436,EMPRESA AGROPECUARIA,14415.149999999998,1945.63
442,INDIVIDUAL,22003.180000000008,793.01
1808,COOPERATIVA,21097.98,3424.9
348,INDIVIDUAL,21466.99999999999,1256.1
710,COOPERATIVA,28314.360000000008,1224.8500000000001
1815,COOPERATIVA,20979.419999999976,537.1700000000001
190,COOPERATIVA,21700.17,703.6800000000001
1949,INDIVIDUAL,42020.56999999996,2123.81
944,COOPERATIVA,21157.740000000005,4165.66
1044,INDIVIDUAL,22731.13,804.92
1150,EMPRESA AGROPECUARIA,21715.13000000001,600.1500000000001
849,INDIVIDUAL,15780.179999999993,1184.56
1453,ASOCIACION,28914.069999999992,1176.57
1168,COOPERATIVA,8184.969999999996,407.83
418,COMUNIDAD,13691.139999999996,695.77
1688,COOPERATIVA,22621.129999999997,695.16
131,INDIVIDUAL,20341.649999999998,1493.95
1498,INDIVIDUAL,14239.170000000002,143.24
1625,EMPRESA AGROPECUARIA,14627.050000000003,598.0999999999999
1600,COOPERATIVA,50260.85999999997,3000.51
1471,INDIVIDUAL,12937.900000000005,376.19
596,INDIVIDUAL,6598.020000000002,403.43
727,INDIVIDUAL,14483.30999999999,228.85
555,COMUNIDAD,14275.27000000001,321.56
1110,ASOCIACION,21175.54999999998,876.3
22,INDIVIDUAL,6420.759999999999,293.79
1303,INDIVIDUAL,35044.91999999999,1543.9899999999998
1088,ASOCIACION,36676.96000000001,2441.2000000000003
1309,EMPRESA AGROPECUARIA,42469.399999999994,2111.15
63,INDIVIDUAL,42762.85,1560.05
1633,EMPRESA AGROPECUARIA,20837.779999999995,421.96
374,COOPERATIVA,28430.499999999996,1526.71
1334,ASOCIACION,14734.899999999996,431.18
1060,COOPERATIVA,7267.449999999999,158.6
340,COOPERATIVA,35373.540000000015,1313.33
21,INDIVIDUAL,41126.250000000015,1712.6399999999999
1605,INDIVIDUAL,22787.120000000003,605.47
1098,INDIVIDUAL,27549.210000000014,870.87
1006,COOPERATIVA,28642.95,1204.1000000000001
977,ASOCIACION,22471.879999999997,2403.76
230,INDIVIDUAL,15041.7,253.29
395,INDIVIDUAL,51202.29,1566.45
1199,EMPRESA AGROPECUARIA,23388.08,692.41
1732,INDIVIDUAL,36634.020000000004,931.99
1255,EMPRESA AGROPECUARIA,20482.649999999994,159.13
1288,INDIVIDUAL,7698.9000000000015,144.53
950,EMPRESA AGROPECUARIA,22518.089999999997,1282.72
557,COOPERATIVA,21622.590000000004,465.46999999999997
1356,ASOCIACION,22048.6,463.57
143,ASOCIACION,36349.48999999999,1363.71
792,COOPERATIVA,30353.5,502.29999999999995
495,INDIVIDUAL,15099.57,506.63
886,INDIVIDUAL,14715.670000000002,389.03999999999996
1286,EMPRESA AGROPECUARIA,7666.210000000008,229.46
1988,COOPERATIVA,7220.009999999996,148.93
961,INDIVIDUAL,51201.12000000001,1724.33
1953,EMPRESA AGROPECUARIA,14329.899999999998,600.22
186,INDIVIDUAL,22267.899999999998,1450.93
769,COMUNIDAD,21075.82,1716.0300000000002
168,INDIVIDUAL,7593.060000000001,815.62
1571,EMPRESA AGROPECUARIA,28614.489999999998,3253.12
1488,ASOCIACION,37055.560000000005,1973.88
182,EMPRESA AGROPECUARIA,8001.639999999994,332.62
948,EMPRESA AGROPECUARIA,7354.399999999995,188.46
1528,INDIVIDUAL,42859.69,1748.57
326,INDIVIDUAL,13879.249999999996,4241.67
1348,COMUNIDAD,14165.470000000001,1287.86
285,EMPRESA AGROPECUARIA,8093.110000000001,123.05
1458,INDIVIDUAL,36503.82000000001,2370.88
220,COOPERATIVA,7453.179999999998,329.78
1616,EMPRESA AGROPECUARIA,43221.96000000001,1867.65
1426,COOPERATIVA,15182.029999999999,239.67
1071,ASOCIACION,6742.910000000003,174.09
1177,INDIVIDUAL,7176.649999999996,286.02
774,ASOCIACION,6357.8399999999965,171.84
235,COOPERATIVA,51546.549999999996,1871.53
1258,COMUNIDAD,45276.340000000004,2107.17
275,INDIVIDUAL,22258.53,2360.57
1834,ASOCIACION,20958.520000000022,1352.6399999999999
1117,INDIVIDUAL,22477.819999999996,384.29
468,ASOCIACION,21951.52000000001,1258.0900000000001
1454,INDIVIDUAL,14775.33,326.19
1927,COOPERATIVA,50840.39,1923.0
1712,ASOCIACION,14786.68,300.6
166,ASOCIACION,22485.080000000005,774.97
1452,ASOCIACION,27786.109999999993,1289.19
899,INDIVIDUAL,29197.730000000003,1444.8999999999999
699,INDIVIDUAL,7891.700000000002,93.66
244,INDIVIDUAL,20700.889999999996,1097.4
487,INDIVIDUAL,21379.379999999997,1035.87
118,ASOCIACION,6604.980000000002,355.72
1461,INDIVIDUAL,6850.050000000002,1531.0
757,INDIVIDUAL,27497.920000000013,809.71
588,COMUNIDAD,27734.790000000008,572.95
572,INDIVIDUAL,13573.34,1244.06
536,ASOCIACION,7652.189999999999,356.72
1691,EMPRESA AGROPECUARIA,28280.560000000005,977.1
725,INDIVIDUAL,21125.27,803.27
515,COMUNIDAD,13927.500000000005,324.22
1938,INDIVIDUAL,43713.979999999996,1726.23
1172,INDIVIDUAL,13562.080000000005,1032.53
1379,INDIVIDUAL,20973.75,700.85
1342,INDIVIDUAL,14218.750000000004,497.36999999999995
293,INDIVIDUAL,14067.209999999992,1147.1
1069,INDIVIDUAL,13803.87,687.1800000000001
777,INDIVIDUAL,21953.510000000002,427.28999999999996
45,COOPERATIVA,20860.69,587.29
971,COOPERATIVA,22258.449999999997,666.22
1367,COOPERATIVA,29275.789999999997,556.96
746,EMPRESA AGROPECUARIA,13889.520000000004,937.37
1308,EMPRESA AGROPECUARIA,21578.920000000016,435.15999999999997
1351,EMPRESA AGROPECUARIA,14258.630000000008,283.24
350,ASOCIACION,14930.139999999996,344.85
1320,INDIVIDUAL,21965.019999999993,619.22
1244,EMPRESA AGROPECUARIA,73954.54,4829.16
657,INDIVIDUAL,27955.250000000007,1367.26
1635,ASOCIACION,21774.76000000001,972.99
68,ASOCIACION,14346.690000000004,211.25
331,INDIVIDUAL,28786.290000000015,3828.09
253,COOPERATIVA,21896.329999999994,1271.1399999999999
522,INDIVIDUAL,34961.76,1308.5700000000002
811,INDIVIDUAL,13757.209999999997,626.6899999999999
1770,COMUNIDAD,43215.229999999996,1571.27
1825,COMUNIDAD,21846.329999999998,1717.95
1101,EMPRESA AGROPECUARIA,35100.72,1337.44
1104,COOPERATIVA,51013.51,1482.43
286,EMPRESA AGROPECUARIA,22057.71,1272.34
32,INDIVIDUAL,6595.56,111.0
370,COOPERATIVA,27946.79,1775.3
891,COMUNIDAD,44242.43,729.22
782,COOPERATIVA,29051.939999999995,848.9
1826,COMUNIDAD,37593.87,1113.53
492,COOPERATIVA,21842.240000000005,1971.0900000000001
1408,INDIVIDUAL,35321.32000000001,1589.58
1968,COOPERATIVA,21928.219999999998,897.55
1323,INDIVIDUAL,22452.75,572.63
882,ASOCIACION,22129.289999999994,360.28000000000003
1058,INDIVIDUAL,36752.53,907.5600000000001
1856,COOPERATIVA,7384.320000000003,485.78
1130,COOPERATIVA,13086.909999999996,1011.85
200,ASOCIACION,7123.32,540.82
1402,EMPRESA AGROPECUARIA,36388.60999999999,1418.0
647,ASOCIACION,30100.619999999988,1348.52
1136,ASOCIACION,28144.4,2009.83
627,INDIVIDUAL,13889.270000000004,515.9300000000001
1057,INDIVIDUAL,21275.150000000005,640.4
941,COOPERATIVA,15767.869999999997,239.51999999999998
1596,COOPERATIVA,6718.749999999998,496.27
1800,INDIVIDUAL,14217.259999999991,444.1
205,INDIVIDUAL,13627.440000000006,786.51
734,COOPERATIVA,37286.62999999998,1248.09
66,ASOCIACION,21868.29999999999,565.4300000000001
1388,INDIVIDUAL,27762.320000000003,401.51
1487,COOPERATIVA,28444.760000000002,789.5699999999999
1874,INDIVIDUAL,7372.989999999999,609.42
203,INDIVIDUAL,14530.89,532.8199999999999
658,INDIVIDUAL,14680.760000000002,236.67
1841,INDIVIDUAL,21840.37000000001,1173.83
1230,COOPERATIVA,36126.17999999999,901.62
1459,COMUNIDAD,28161.810000000005,491.93
17,INDIVIDUAL,15826.800000000003,370.03999999999996
102,COOPERATIVA,21149.270000000004,481.53
299,INDIVIDUAL,15046.719999999998,1173.56
157,ASOCIACION,21452.010000000002,497.75
986,EMPRESA AGROPECUARIA,27850.53,1274.51
936,COOPERATIVA,14923.880000000012,627.09
292,ASOCIACION,7060.209999999999,253.56
1476,INDIVIDUAL,21195.180000000008,1333.67
656,INDIVIDUAL,14311.950000000004,1039.27
1629,EMPRESA AGROPECUARIA,20575.82,356.44
71,ASOCIACION,43814.72,1857.84
1657,ASOCIACION,15345.689999999999,1048.03
552,INDIVIDUAL,28738.08999999996,922.53
408,EMPRESA AGROPECUARIA,14054.030000000006,521.81
1539,COOPERATIVA,6457.689999999998,505.25
1468,INDIVIDUAL,14865.269999999999,537.0
1509,EMPRESA AGROPECUARIA,20090.04,790.64
54,ASOCIACION,56643.60999999998,3126.74
81,COOPERATIVA,28866.199999999983,1610.0900000000001
660,INDIVIDUAL,21659.35000000001,614.71
420,COOPERATIVA,13995.3,1444.4299999999998
1678,ASOCIACION,14497.049999999996,594.07
695,COOPERATIVA,20180.520000000008,978.44
1372,COOPERATIVA,14771.16,164.06
1508,INDIVIDUAL,14224.930000000002,497.31
990,COMUNIDAD,58669.30000000002,1956.45
73,ASOCIACION,15863.929999999997,394.91999999999996
685,INDIVIDUAL,20662.799999999996,1505.05
1035,INDIVIDUAL,28678.379999999994,699.47
6,ASOCIACION,6525.319999999996,152.34
1573,INDIVIDUAL,14903.23,390.67
1501,ASOCIACION,22664.850000000002,1069.3700000000001
1511,INDIVIDUAL,43559.20999999999,2374.49
894,INDIVIDUAL,14152.559999999998,454.62
47,INDIVIDUAL,13922.729999999996,860.5
459,EMPRESA AGROPECUARIA,13542.289999999997,1324.68
1729,INDIVIDUAL,42937.350000000006,2160.9300000000003
1759,INDIVIDUAL,28734.540000000005,1805.27
1797,COOPERATIVA,21383.149999999998,854.13
1526,ASOCIACION,36663.99999999999,3307.8399999999997
1414,INDIVIDUAL,14564.899999999994,550.72
1026,ASOCIACION,36083.04000000001,926.4100000000001
1599,INDIVIDUAL,29147.42,2426.45
1865,INDIVIDUAL,34958.970000000016,1329.88
1819,ASOCIACION,62984.90000000001,3464.02
1311,INDIVIDUAL,14649.149999999994,864.71
1086,INDIVIDUAL,7132.929999999997,762.39
1881,ASOCIACION,22571.17999999999,1320.36
1515,INDIVIDUAL,14118.599999999999,579.85
1273,ASOCIACION,35863.10000000003,1793.71
5,INDIVIDUAL,14025.940000000004,277.99
90,INDIVIDUAL,20636.390000000007,678.37
1685,EMPRESA AGROPECUARIA,7586.639999999994,494.74
1708,COOPERATIVA,52485.31999999997,2400.6400000000003
1163,EMPRESA AGROPECUARIA,13077.600000000002,970.49
1920,INDIVIDUAL,21051.62,1288.1399999999999
212,INDIVIDUAL,36766.539999999986,1673.44
553,ASOCIACION,29951.980000000003,1508.46
883,EMPRESA AGROPECUARIA,36005.66999999999,2073.2
525,ASOCIACION,15310.170000000002,351.03999999999996
984,EMPRESA AGROPECUARIA,29288.6,1288.51
1305,COOPERATIVA,58640.680000000015,2223.05
1572,INDIVIDUAL,7604.220000000002,883.91
1933,ASOCIACION,14548.149999999996,311.60999999999996
1134,INDIVIDUAL,35746.67,1261.27
1331,EMPRESA AGROPECUARIA,13840.710000000005,803.9300000000001
600,COOPERATIVA,26720.979999999996,818.62
1064,INDIVIDUAL,38264.499999999985,779.96
543,COOPERATIVA,14171.169999999995,925.8299999999999
1195,ASOCIACION,21053.289999999994,1706.05
1620,ASOCIACION,15593.879999999996,1327.24
1423,COOPERATIVA,30893.61,1665.31
955,INDIVIDUAL,14042.140000000003,829.5500000000001
1236,INDIVIDUAL,13975.070000000002,757.29
637,INDIVIDUAL,42860.75,2439.61
1532,COOPERATIVA,22698.49000000001,547.82
619,ASOCIACION,49383.43000000001,1367.97
1987,ASOCIACION,14584.929999999997,308.73
1360,EMPRESA AGROPECUARIA,14475.979999999987,1190.04
1478,COOPERATIVA,28378.87000000001,1011.03
854,ASOCIACION,28351.02,2522.0
1042,ASOCIACION,28058.97,1351.19
1951,ASOCIACION,29228.900000000023,1072.85
935,INDIVIDUAL,27813.07999999999,1455.1
1409,COOPERATIVA,13812.289999999997,1237.57
1514,COOPERATIVA,21069.840000000004,1359.0
1806,ASOCIACION,15150.219999999996,632.29
1179,INDIVIDUAL,22288.25999999999,382.47
1333,EMPRESA AGROPECUARIA,20084.62,742.0899999999999
537,INDIVIDUAL,28999.75,1206.04
1313,ASOCIACION,14223.299999999996,1539.73
252,COOPERATIVA,6909.369999999998,1150.79
243,INDIVIDUAL,21209.540000000005,1109.13
808,INDIVIDUAL,21273.670000000002,630.36
1982,INDIVIDUAL,21299.060000000012,966.75
1585,COMUNIDAD,22073.039999999994,1662.69
1623,ASOCIACION,13921.479999999998,534.38
1250,COOPERATIVA,7634.080000000002,139.57
1497,INDIVIDUAL,30011.03000000001,2234.69
1009,ASOCIACION,21142.95,791.73
590,ASOCIACION,13985.77,458.14
151,INDIVIDUAL,23563.999999999996,689.22
861,INDIVIDUAL,43483.84000000001,2726.84
785,COOPERATIVA,13753.160000000002,433.09000000000003
1776,INDIVIDUAL,29611.07999999999,1249.1
884,INDIVIDUAL,21514.94999999999,1035.67
1105,ASOCIACION,28989.750000000004,1380.41
1911,INDIVIDUAL,21114.120000000003,426.37
184,COOPERATIVA,21804.489999999998,884.9
956,INDIVIDUAL,21788.399999999998,1433.35
611,INDIVIDUAL,7178.34,219.26
1460,COOPERATIVA,28665.9,791.46
733,INDIVIDUAL,6516.98,184.82
1047,ASOCIACION,28884.859999999997,665.13
1793,COOPERATIVA,14146.409999999998,749.99
751,INDIVIDUAL,22908.929999999997,1733.5300000000002
98,INDIVIDUAL,15358.730000000001,573.9
1831,INDIVIDUAL,27041.509999999995,823.1
394,INDIVIDUAL,35025.65000000002,1131.72
541,EMPRESA AGROPECUARIA,21885.459999999995,1124.3200000000002
125,INDIVIDUAL,7512.140000000001,370.54
1186,ASOCIACION,6735.749999999998,328.09
60,INDIVIDUAL,15745.719999999998,470.52000000000004
1078,INDIVIDUAL,14900.379999999997,890.4799999999999
411,INDIVIDUAL,7240.589999999999,993.65
1574,INDIVIDUAL,15064.169999999998,691.53
1355,INDIVIDUAL,20696.799999999996,980.97
433,COMUNIDAD,14040.659999999998,431.22
1262,COOPERATIVA,14364.910000000007,223.89000000000001
1132,ASOCIACION,43274.44,2562.94
192,INDIVIDUAL,35209.549999999996,1613.44
1395,INDIVIDUAL,42113.6,2544.75
1561,ASOCIACION,15274.360000000004,832.5
1298,ASOCIACION,7611.880000000002,538.42
1081,INDIVIDUAL,37306.3,1342.41
1442,ASOCIACION,15333.899999999998,448.63
592,ASOCIACION,28047.620000000003,2180.76
332,COOPERATIVA,15652.300000000007,566.3299999999999
731,ASOCIACION,14123.399999999998,273.64
1544,ASOCIACION,14905.720000000001,411.74
39,INDIVIDUAL,13611.049999999996,837.58
1847,INDIVIDUAL,21718.96,969.92
262,INDIVIDUAL,42446.649999999994,1265.21
1431,INDIVIDUAL,35803.9,801.6600000000001
460,COOPERATIVA,28474.61,1579.92
1310,INDIVIDUAL,30162.65000000001,1082.0500000000002
409,INDIVIDUAL,44961.730000000025,1806.26
591,COOPERATIVA,28797.34000000002,1290.62
1904,ASOCIACION,14091.39,306.28999999999996
1188,INDIVIDUAL,6818.1399999999985,190.2
1141,INDIVIDUAL,52178.570000000036,2135.6099999999997
1883,INDIVIDUAL,42080.139999999985,1442.53
1390,INDIVIDUAL,29114.819999999996,947.39
321,ASOCIACION,13669.709999999995,423.68
181,INDIVIDUAL,28524.050000000007,764.12
1354,EMPRESA AGROPECUARIA,27365.119999999988,2185.45
1284,ASOCIACION,6655.9800000000005,194.07
443,INDIVIDUAL,29583.87,875.36
384,COMUNIDAD,28489.049999999996,868.79
451,INDIVIDUAL,27025.120000000024,1441.33
455,COOPERATIVA,6967.28,500.03
1319,INDIVIDUAL,21784.64,429.15
1166,EMPRESA AGROPECUARIA,36490.64000000001,1074.35
424,INDIVIDUAL,7237.609999999998,241.27
775,INDIVIDUAL,7684.189999999993,212.4
1554,INDIVIDUAL,43795.799999999996,2568.63
1406,INDIVIDUAL,14345.710000000003,253.26000000000002
907,ASOCIACION,33771.66,1537.1100000000001
1896,COOPERATIVA,22225.539999999997,769.13
1868,INDIVIDUAL,21530.359999999993,801.31
360,ASOCIACION,29082.069999999992,1390.24
1450,INDIVIDUAL,13229.719999999998,687.1500000000001
1875,INDIVIDUAL,15143.67,613.6
1715,COMUNIDAD,7475.260000000002,596.58
937,COOPERATIVA,15561.030000000002,349.24
1830,COOPERATIVA,14792.119999999994,437.72999999999996
9,INDIVIDUAL,21819.69,566.49
1325,INDIVIDUAL,42539.66999999999,3399.24
1971,EMPRESA AGROPECUARIA,21157.810000000005,1389.72
399,ASOCIACION,14058.210000000003,1001.13
1278,EMPRESA AGROPECUARIA,14272.760000000006,1273.02
1651,INDIVIDUAL,35479.23,1878.8
1999,EMPRESA AGROPECUARIA,22319.430000000008,1003.5500000000001
1664,ASOCIACION,6935.530000000001,172.55
1862,COOPERATIVA,7524.570000000006,180.93
1727,INDIVIDUAL,36323.58000000001,3921.9300000000003
405,INDIVIDUAL,42234.23999999999,2779.69
1560,EMPRESA AGROPECUARIA,22228.28,1836.03
369,ASOCIACION,43038.15999999999,1747.31
1756,INDIVIDUAL,28273.24,1792.61
145,INDIVIDUAL,29498.79000000002,1024.04
598,ASOCIACION,14971.269999999993,1161.19
715,EMPRESA AGROPECUARIA,56015.25999999999,4163.57
1898,INDIVIDUAL,13761.530000000002,282.32
1590,COOPERATIVA,34052.759999999995,1842.09
1490,INDIVIDUAL,22756.689999999995,836.3299999999999
707,EMPRESA AGROPECUARIA,28966.58000000001,540.6899999999999
52,INDIVIDUAL,36014.810000000005,735.28
713,INDIVIDUAL,21638.359999999997,3024.33
341,INDIVIDUAL,22377.659999999996,400.53
1985,INDIVIDUAL,42923.029999999984,3763.12
1289,COOPERATIVA,21680.53,578.57
869,EMPRESA AGROPECUARIA,42360.38000000002,1695.3999999999999
234,COOPERATIVA,14405.680000000002,408.12
1242,INDIVIDUAL,19909.579999999998,641.21
1663,ASOCIACION,7265.2099999999955,74.64
607,INDIVIDUAL,14685.449999999995,357.38
1389,INDIVIDUAL,44724.77,3643.62
615,INDIVIDUAL,44828.83000000003,2057.22
694,ASOCIACION,6655.789999999997,1425.12
773,INDIVIDUAL,14571.470000000001,1705.0099999999998
355,ASOCIACION,29771.119999999995,852.3000000000001
247,EMPRESA AGROPECUARIA,43309.92,1791.92
840,INDIVIDUAL,20820.62000000001,747.58
535,INDIVIDUAL,34812.90999999998,854.06
300,EMPRESA AGROPECUARIA,28996.42,957.45
1622,COOPERATIVA,7422.759999999998,247.66
159,INDIVIDUAL,14076.780000000002,377.4
1980,ASOCIACION,6843.290000000003,59.27
89,INDIVIDUAL,28438.459999999985,677.74
291,COOPERATIVA,28837.59000000001,907.47
824,COOPERATIVA,44817.659999999996,2078.73
784,ASOCIACION,13451.700000000003,273.37
1894,ASOCIACION,7762.390000000003,810.71
1943,COOPERATIVA,28402.949999999997,1319.49
462,ASOCIACION,14643.529999999997,734.4300000000001
1771,EMPRESA AGROPECUARIA,21555.939999999988,1124.66
967,ASOCIACION,53140.23000000004,1849.47
261,INDIVIDUAL,14100.150000000001,4024.33
1553,INDIVIDUAL,27960.260000000002,1229.93
548,INDIVIDUAL,35231.25,1574.54
813,COOPERATIVA,36096.98,1270.98
41,COOPERATIVA,58274.34999999999,3170.1800000000003
857,COOPERATIVA,21363.46000000001,514.73
1090,ASOCIACION,20503.27999999999,1183.46
684,INDIVIDUAL,22060.83000000001,357.41999999999996
606,INDIVIDUAL,20848.629999999994,897.17
1337,INDIVIDUAL,13400.309999999998,2804.17
499,INDIVIDUAL,7928.019999999999,71.4
1607,COOPERATIVA,7943.399999999997,437.85
1671,EMPRESA AGROPECUARIA,30534.74,798.92
1180,INDIVIDUAL,37038.209999999985,1883.7
476,COOPERATIVA,15259.400000000005,538.72
1832,INDIVIDUAL,14479.949999999997,919.07
991,ASOCIACION,21801.52000000002,724.46
1133,COOPERATIVA,15755.410000000003,708.4
1378,INDIVIDUAL,21571.44,685.39
1093,COMUNIDAD,29411.65000000001,2591.13
83,INDIVIDUAL,7727.98,231.86
1297,INDIVIDUAL,7778.880000000002,409.22
1041,ASOCIACION,14207.23999999999,405.53000000000003
1579,COOPERATIVA,14275.96,516.21
582,INDIVIDUAL,22726.219999999998,1507.26
1792,INDIVIDUAL,35187.33999999999,1986.69
1251,ASOCIACION,22414.340000000004,654.0699999999999
1914,INDIVIDUAL,29000.399999999987,877.61
800,ASOCIACION,7056.089999999997,266.21
623,INDIVIDUAL,36501.34,1141.27
1272,EMPRESA AGROPECUARIA,21282.15,912.46
1699,COMUNIDAD,15030.749999999996,830.4100000000001
1970,INDIVIDUAL,28773.760000000002,2105.5699999999997
1984,COOPERATIVA,22114.84000000001,918.6800000000001
512,EMPRESA AGROPECUARIA,19739.380000000016,1019.23
154,COMUNIDAD,6678.999999999998,431.83
1280,COMUNIDAD,21280.029999999977,905.59
1947,COOPERATIVA,34450.98000000001,754.54
1752,COOPERATIVA,13937.789999999997,302.1
1833,EMPRESA AGROPECUARIA,13450.789999999997,938.96
501,INDIVIDUAL,21427.259999999995,1205.8700000000001
870,INDIVIDUAL,29579.44999999999,2117.71
500,EMPRESA AGROPECUARIA,36806.97,1837.01
1604,ASOCIACION,23070.64,689.52
245,ASOCIACION,14561.800000000003,305.45
130,ASOCIACION,36499.37000000002,848.25
1866,INDIVIDUAL,14546.720000000001,421.76
104,EMPRESA AGROPECUARIA,22034.53999999999,629.23
1940,INDIVIDUAL,28856.229999999996,1150.06
1960,ASOCIACION,7202.130000000001,352.03
180,EMPRESA AGROPECUARIA,28212.810000000005,1376.22
1603,INDIVIDUAL,27994.28,986.5799999999999
1276,INDIVIDUAL,22370.11,1445.52
1102,ASOCIACION,6732.779999999995,420.35
416,ASOCIACION,22663.419999999995,3254.76
511,INDIVIDUAL,21839.92,648.3299999999999
129,ASOCIACION,6851.369999999999,94.77
133,COOPERATIVA,35131.59000000001,1996.71
1127,INDIVIDUAL,7495.120000000002,446.42
805,INDIVIDUAL,8136.129999999999,162.56
566,EMPRESA AGROPECUARIA,20259.219999999994,1107.02
1534,INDIVIDUAL,13450.129999999997,228.84
1634,INDIVIDUAL,13670.260000000006,1216.72
705,COOPERATIVA,13582.349999999999,1038.01
1887,COMUNIDAD,38101.990000000005,842.65
1644,INDIVIDUAL,20487.34,504.32
576,INDIVIDUAL,68034.87999999996,2492.03
856,INDIVIDUAL,20877.700000000004,478.55999999999995
516,ASOCIACION,37232.83000000001,1976.19
457,COOPERATIVA,14733.499999999998,708.96
1565,EMPRESA AGROPECUARIA,20621.319999999996,1224.76
77,EMPRESA AGROPECUARIA,21516.390000000007,1240.6200000000001
1745,ASOCIACION,12263.48,373.07
1080,INDIVIDUAL,13795.050000000005,609.01
269,INDIVIDUAL,21371.959999999985,624.9
826,EMPRESA AGROPECUARIA,14613.769999999997,319.14
581,COOPERATIVA,14334.24,601.86
934,INDIVIDUAL,6875.940000000003,221.16
1004,INDIVIDUAL,34886.27000000001,1267.22
905,INDIVIDUAL,40525.65999999998,1456.24
1170,INDIVIDUAL,21497.050000000003,1714.19
682,EMPRESA AGROPECUARIA,14536.339999999997,396.35
388,INDIVIDUAL,37516.05999999999,2010.7900000000002
364,ASOCIACION,7238.7499999999945,257.69
614,COOPERATIVA,14345.080000000004,503.55
617,INDIVIDUAL,13126.019999999997,639.71
213,EMPRESA AGROPECUARIA,8060.299999999999,411.64
893,INDIVIDUAL,14193.38,1315.8600000000001
506,EMPRESA AGROPECUARIA,35903.69999999999,2641.84
1989,INDIVIDUAL,29563.43999999998,921.93
1022,INDIVIDUAL,20551.249999999996,476.65
1659,INDIVIDUAL,27082.09999999999,434.71000000000004
1079,INDIVIDUAL,28527.600000000006,1549.54
1618,INDIVIDUAL,14041.679999999998,553.59
1722,ASOCIACION,35219.020000000004,3062.99
96,INDIVIDUAL,6849.74,51.6
336,ASOCIACION,28055.259999999984,1341.24
1375,COOPERATIVA,28056.87000000001,657.06
1139,INDIVIDUAL,37290.09,1263.65
1474,ASOCIACION,29164.22999999999,630.24
1013,COOPERATIVA,14445.529999999999,470.17
542,INDIVIDUAL,21739.47999999999,1123.85
1916,INDIVIDUAL,21553.200000000004,1135.15
1521,EMPRESA AGROPECUARIA,34097.240000000005,868.14
1888,COMUNIDAD,28587.850000000013,1185.49
1945,ASOCIACION,21707.700000000004,851.63
621,INDIVIDUAL,14097.41,498.43
1014,INDIVIDUAL,42775.93000000002,1433.63
1779,COOPERATIVA,6583.64,450.1
1341,INDIVIDUAL,22470.979999999996,811.08
65,INDIVIDUAL,21243.42,603.75
1871,INDIVIDUAL,27671.569999999978,831.0400000000001
666,INDIVIDUAL,35514.33,1555.28
1765,ASOCIACION,34789.850000000006,1191.66
367,ASOCIACION,20698.689999999995,617.1
1795,ASOCIACION,21307.850000000006,572.25
188,INDIVIDUAL,36973.919999999984,1665.79
389,COOPERATIVA,80884.84999999998,2153.41
1733,COOPERATIVA,36518.800000000025,1237.57
204,COMUNIDAD,64678.69000000001,2618.14
545,COMUNIDAD,27850.98999999999,2449.9
1760,COOPERATIVA,28161.30999999999,1216.85
704,ASOCIACION,21597.600000000006,476.12
735,INDIVIDUAL,21804.789999999997,696.23
311,INDIVIDUAL,13875.690000000002,783.21
123,ASOCIACION,21878.640000000007,887.76
1267,INDIVIDUAL,21398.940000000002,792.9
478,ASOCIACION,43535.520000000004,1929.31
755,COOPERATIVA,14793.820000000003,605.5500000000001
327,ASOCIACION,27908.629999999994,1271.59
976,ASOCIACION,7713.310000000004,474.98
55,ASOCIACION,7095.18,367.86
20,INDIVIDUAL,29739.729999999996,1094.13
942,INDIVIDUAL,13826.529999999993,892.2900000000001
747,ASOCIACION,22050.959999999992,687.3
310,COOPERATIVA,7250.139999999998,200.54
1045,EMPRESA AGROPECUARIA,41490.94000000002,2162.13
616,INDIVIDUAL,42496.370000000024,3059.33
1802,INDIVIDUAL,14306.2,189.04000000000002
412,INDIVIDUAL,22421.84999999999,1489.93
939,INDIVIDUAL,13798.109999999997,364.63
1527,INDIVIDUAL,14690.769999999997,744.4100000000001
764,INDIVIDUAL,15231.010000000002,1002.11
1067,EMPRESA AGROPECUARIA,22174.68999999998,932.3700000000001
1234,ASOCIACION,20934.26,621.53
74,COOPERATIVA,7717.060000000006,139.67
1568,ASOCIACION,21852.789999999997,1689.69
347,INDIVIDUAL,29285.019999999997,2828.07
1466,INDIVIDUAL,21422.200000000008,453.13
1839,INDIVIDUAL,13190.56,572.39
92,INDIVIDUAL,29438.27999999999,1410.99
1425,COOPERATIVA,7763.000000000002,367.98
198,ASOCIACION,21697.43,423.56999999999994
15,INDIVIDUAL,28617.07000000001,1298.58
1652,ASOCIACION,29502.27,3331.5299999999997
1075,EMPRESA AGROPECUARIA,21724.96999999998,858.77
569,ASOCIACION,6506.669999999994,50.84
1954,INDIVIDUAL,21840.690000000002,1009.83
33,COMUNIDAD,50651.56999999999,2959.9700000000003
587,COOPERATIVA,64861.84000000001,4028.23
425,COMUNIDAD,6891.96,84.61
494,INDIVIDUAL,7376.460000000003,282.56
1681,INDIVIDUAL,27328.50000000001,738.08
1720,ASOCIACION,6741.32,147.7
103,INDIVIDUAL,14355.689999999999,499.92
248,ASOCIACION,29313.270000000004,1769.39
778,INDIVIDUAL,27527.100000000006,835.64
663,INDIVIDUAL,6895.439999999998,527.17
1190,COMUNIDAD,21356.5,1350.07
281,INDIVIDUAL,27421.899999999994,1827.3400000000001
847,INDIVIDUAL,35657.8,1080.48
287,INDIVIDUAL,71394.51999999997,3509.54
595,COOPERATIVA,6777.570000000001,909.34
257,INDIVIDUAL,21738.20000000002,905.26
1643,INDIVIDUAL,34699.859999999986,2071.1
788,ASOCIACION,15166.07000000001,678.75
217,EMPRESA AGROPECUARIA,20855.249999999985,941.1899999999999
339,INDIVIDUAL,36260.330000000016,3171.71
1473,ASOCIACION,22316.72000000001,1254.91
187,INDIVIDUAL,13933.609999999997,186.54
1040,ASOCIACION,14089.09000000001,364.03
1387,INDIVIDUAL,29467.11999999999,1218.4099999999999
1612,EMPRESA AGROPECUARIA,21945.179999999997,414.67
1886,ASOCIACION,6626.219999999997,150.7
975,INDIVIDUAL,15126.18,442.12
11,ASOCIACION,14273.190000000002,282.06
1039,COMUNIDAD,6792.900000000004,252.69
820,INDIVIDUAL,36133.130000000005,1644.29
1204,COOPERATIVA,20619.489999999998,575.46
1443,COOPERATIVA,28858.879999999994,528.6700000000001
1467,COOPERATIVA,7262.289999999999,152.53
1848,ASOCIACION,54583.91000000001,3023.9900000000002
175,INDIVIDUAL,7907.479999999999,304.44
477,COMUNIDAD,13608.52,311.08
1159,ASOCIACION,13888.680000000004,495.74
1401,INDIVIDUAL,20621.240000000016,526.9
422,COOPERATIVA,43358.89,2418.51
1344,ASOCIACION,38798.71000000001,1250.05
1046,COMUNIDAD,35199.93000000001,4175.76
963,COOPERATIVA,6798.909999999999,150.31
259,EMPRESA AGROPECUARIA,37558.25000000001,1294.65
690,EMPRESA AGROPECUARIA,21237.089999999993,808.12
1108,COMUNIDAD,63777.729999999996,3949.16
872,COOPERATIVA,22170.249999999978,802.36
1074,INDIVIDUAL,51718.610000000015,2081.32
413,COOPERATIVA,42914.7,2422.59
1393,EMPRESA AGROPECUARIA,23052.139999999992,1517.92
1631,COOPERATIVA,21758.129999999997,1408.4499999999998
1885,EMPRESA AGROPECUARIA,21238.27999999999,538.79
1340,INDIVIDUAL,29935.720000000023,567.46
80,INDIVIDUAL,27450.700000000008,923.51
1542,COMUNIDAD,29161.140000000014,605.31
923,INDIVIDUAL,14225.269999999993,563.0799999999999
927,COOPERATIVA,13783.989999999996,506.16999999999996
361,INDIVIDUAL,27641.040000000008,608.38
1156,COOPERATIVA,28597.470000000005,1144.13
780,INDIVIDUAL,14609.09,740.1600000000001
1820,INDIVIDUAL,29130.92000000001,603.99
717,ASOCIACION,21565.530000000006,493.46000000000004
1206,INDIVIDUAL,14436.630000000008,996.53
158,ASOCIACION,35729.96999999999,1537.42
1201,ASOCIACION,27628.519999999997,1693.94
815,ASOCIACION,43356.56,964.0699999999999
1734,INDIVIDUAL,22016.41,957.05
1161,INDIVIDUAL,28039.699999999997,1306.41
521,ASOCIACION,21714.160000000014,660.25
957,ASOCIACION,43419.03000000002,1989.6
402,INDIVIDUAL,34343.479999999996,1473.52
839,INDIVIDUAL,13682.420000000002,1215.3200000000002
391,ASOCIACION,14035.02,1702.39
167,INDIVIDUAL,22958.48999999999,1022.17
1963,ASOCIACION,7497.5499999999965,558.21
1880,INDIVIDUAL,14099.959999999995,671.19
974,ASOCIACION,22375.490000000005,530.81
1965,COMUNIDAD,14224.180000000004,1409.67
450,INDIVIDUAL,22162.150000000012,414.73
1957,INDIVIDUAL,36908.3,1884.4
1011,INDIVIDUAL,21033.93,687.1500000000001
1147,INDIVIDUAL,14462.239999999989,488.93
1413,ASOCIACION,6840.570000000002,315.11
1790,COOPERATIVA,7656.410000000005,274.07
78,INDIVIDUAL,55868.38,3957.93
1359,INDIVIDUAL,15189.27,662.78
267,INDIVIDUAL,22170.990000000013,800.32
258,ASOCIACION,44327.66000000002,2982.35
381,INDIVIDUAL,21393.390000000003,722.46
1606,COOPERATIVA,36184.87999999999,1526.34
711,INDIVIDUAL,28976.0,1801.4699999999998
1260,INDIVIDUAL,15447.489999999996,886.27
1165,ASOCIACION,15399.510000000004,503.92
1200,ASOCIACION,20828.39999999999,771.08
724,EMPRESA AGROPECUARIA,28170.359999999997,727.9
1480,ASOCIACION,14695.399999999998,501.90999999999997
860,COMUNIDAD,15519.840000000004,901.68
701,EMPRESA AGROPECUARIA,20783.33,1218.11
917,COOPERATIVA,6692.239999999997,300.65
1462,INDIVIDUAL,21441.689999999988,1281.9899999999998
580,INDIVIDUAL,35271.48999999998,1355.29
1437,ASOCIACION,14542.989999999998,204.97
1705,INDIVIDUAL,6613.729999999995,34.92
852,INDIVIDUAL,21848.94000000001,463.88
484,INDIVIDUAL,7248.340000000002,103.05
1464,INDIVIDUAL,22309.31000000001,848.19
928,INDIVIDUAL,28941.640000000007,718.03
349,ASOCIACION,35454.56999999999,1879.87
1577,INDIVIDUAL,14256.84,906.24
1076,EMPRESA AGROPECUARIA,28399.68999999998,435.25
681,INDIVIDUAL,24259.17,670.73
1087,ASOCIACION,7492.970000000001,39.95
981,COOPERATIVA,21423.230000000003,1097.73
1016,INDIVIDUAL,29705.49000000002,1065.67
1761,INDIVIDUAL,14674.999999999996,1709.38
1873,COOPERATIVA,43332.07,3728.92
1066,COOPERATIVA,7503.96,318.36
1059,INDIVIDUAL,30823.14000000002,1114.37
1407,ASOCIACION,29250.300000000003,583.77
1994,ASOCIACION,21443.08,961.17
87,INDIVIDUAL,36626.67,1458.35
183,EMPRESA AGROPECUARIA,13843.959999999995,525.46
1053,INDIVIDUAL,14660.969999999998,546.08
1891,INDIVIDUAL,29882.86000000001,1164.8899999999999
1563,INDIVIDUAL,28255.05999999999,487.1
1229,ASOCIACION,7847.85,448.4
982,INDIVIDUAL,7041.340000000003,67.73
328,EMPRESA AGROPECUARIA,21337.959999999992,1552.3700000000001
352,COOPERATIVA,35857.30000000002,2476.03
1062,ASOCIACION,50015.71000000002,1369.76
1085,INDIVIDUAL,21859.6,1341.78
1434,INDIVIDUAL,28269.379999999997,1278.55
678,INDIVIDUAL,14155.769999999997,229.57
1219,EMPRESA AGROPECUARIA,28336.9,2051.0
88,INDIVIDUAL,28414.35,1229.1299999999999
643,INDIVIDUAL,14812.710000000005,825.44
140,ASOCIACION,36566.75,1838.68
1907,INDIVIDUAL,21935.36,1796.22
1983,INDIVIDUAL,7287.2599999999975,347.96
723,INDIVIDUAL,28419.719999999994,719.4499999999999
1235,COOPERATIVA,28983.820000000007,1086.88
1107,INDIVIDUAL,14209.489999999996,336.45
447,INDIVIDUAL,6594.9699999999975,40.23
1202,ASOCIACION,28289.480000000003,2094.17
144,ASOCIACION,28115.17,864.67
1636,INDIVIDUAL,27451.58000000001,729.8700000000001
787,INDIVIDUAL,27754.739999999987,572.11
575,INDIVIDUAL,14701.189999999999,436.96000000000004
1376,INDIVIDUAL,23671.15,357.56
649,ASOCIACION,14625.039999999999,534.54
556,INDIVIDUAL,49248.13000000003,1115.6399999999999
1002,ASOCIACION,14386.609999999999,225.3
1704,INDIVIDUAL,21286.219999999998,1507.25
1254,INDIVIDUAL,14533.18,479.77
1444,INDIVIDUAL,21336.050000000003,656.12
1469,ASOCIACION,6989.549999999999,207.36
912,ASOCIACION,34812.17999999998,1048.75
1353,INDIVIDUAL,7274.509999999999,99.08
1504,INDIVIDUAL,21117.449999999997,413.8
1008,COOPERATIVA,29282.43999999999,1030.01
911,COOPERATIVA,37452.219999999994,1315.27
1551,ASOCIACION,14978.219999999994,1040.5
1281,INDIVIDUAL,47624.55999999999,1820.29
816,ASOCIACION,27000.170000000006,2443.91
1068,INDIVIDUAL,44444.11999999999,2604.41
249,INDIVIDUAL,51922.57000000004,1554.0500000000002
1164,EMPRESA AGROPECUARIA,13951.419999999998,330.89
1178,INDIVIDUAL,28703.630000000023,1227.1599999999999
625,EMPRESA AGROPECUARIA,43818.04000000001,1900.02
1721,INDIVIDUAL,29742.000000000007,1354.2
1524,COMUNIDAD,29723.880000000005,2112.45
101,COMUNIDAD,22185.22,1060.77
225,INDIVIDUAL,6994.770000000007,104.36
1279,COOPERATIVA,15266.029999999997,967.6400000000001
892,INDIVIDUAL,13156.610000000004,881.55
706,ASOCIACION,13242.010000000007,298.74
999,ASOCIACION,14382.339999999997,727.38
841,INDIVIDUAL,27564.929999999997,1898.67
1240,COOPERATIVA,26936.949999999983,1689.6100000000001
527,INDIVIDUAL,14374.329999999998,693.22
983,INDIVIDUAL,7339.450000000004,167.18
1223,INDIVIDUAL,35715.549999999996,2723.45
1472,ASOCIACION,35687.930000000015,1737.8899999999999
640,INDIVIDUAL,14582.930000000002,481.66999999999996
1167,INDIVIDUAL,14556.900000000007,1203.57
1366,INDIVIDUAL,29126.74000000002,1296.22
1518,ASOCIACION,14134.620000000003,536.25
363,INDIVIDUAL,29325.21,1208.71
837,INDIVIDUAL,14156.140000000007,428.4
410,ASOCIACION,29112.179999999975,2611.79
1836,INDIVIDUAL,13873.569999999998,1362.77
949,INDIVIDUAL,29210.340000000026,794.35
351,ASOCIACION,7230.500000000004,46.67
1823,ASOCIACION,38798.96999999999,1143.73
648,INDIVIDUAL,22388.829999999998,2690.87
1695,ASOCIACION,29046.719999999994,3273.42
1582,INDIVIDUAL,7351.6600000000035,842.18
667,COMUNIDAD,14108.650000000007,313.08000000000004
1743,INDIVIDUAL,42271.75,1527.17
523,INDIVIDUAL,22416.87,374.27
952,INDIVIDUAL,7274.170000000004,506.8
1192,COOPERATIVA,15176.220000000008,1094.34
146,INDIVIDUAL,28637.75,788.85
1628,ASOCIACION,42366.420000000006,1709.05
1978,ASOCIACION,21994.58000000001,1924.1000000000001
256,ASOCIACION,20060.680000000008,774.36
59,ASOCIACION,27943.449999999983,1497.37
439,COOPERATIVA,22418.749999999993,1303.8899999999999
558,ASOCIACION,21098.07,348.16999999999996
1724,ASOCIACION,14999.010000000004,390.37
318,ASOCIACION,20437.870000000003,980.65
709,INDIVIDUAL,7696.199999999992,93.91
1322,INDIVIDUAL,21821.869999999995,1230.48
551,INDIVIDUAL,13380.500000000007,343.30999999999995
1901,EMPRESA AGROPECUARIA,14554.260000000004,417.92
113,INDIVIDUAL,38270.289999999986,1656.6799999999998
514,ASOCIACION,14153.320000000003,865.94
638,COOPERATIVA,42443.01999999999,2309.79
1362,ASOCIACION,7725.760000000003,319.25
1010,ASOCIACION,43626.2,1841.1599999999999
13,COOPERATIVA,29369.060000000005,2433.96
1475,COOPERATIVA,21698.379999999997,1065.55
1494,ASOCIACION,7633.9400000000005,163.42
84,INDIVIDUAL,21612.45,981.3700000000001
1757,ASOCIACION,50797.60000000001,2768.66
496,ASOCIACION,30600.580000000013,911.39
156,INDIVIDUAL,36197.85,973.27
1758,ASOCIACION,6583.0499999999965,387.44
1754,INDIVIDUAL,28618.070000000014,781.1199999999999
644,ASOCIACION,28959.510000000002,1114.24
1939,ASOCIACION,7536.469999999998,815.09
1383,COOPERATIVA,28343.980000000003,585.1800000000001
1404,INDIVIDUAL,22020.900000000016,889.4300000000001
1312,ASOCIACION,7974.87,280.11
922,INDIVIDUAL,21947.379999999994,772.05
1889,INDIVIDUAL,13863.089999999997,261.77
1870,ASOCIACION,14008.099999999999,182.63
639,INDIVIDUAL,20005.100000000006,1191.1
1283,EMPRESA AGROPECUARIA,15031.100000000002,1020.75
472,INDIVIDUAL,20971.72,1723.5600000000002
1247,ASOCIACION,21110.09,726.18
631,ASOCIACION,20882.320000000014,864.46
282,COOPERATIVA,19838.40999999999,786.99
380,COOPERATIVA,36835.85999999996,1235.33
1766,INDIVIDUAL,21545.50999999999,636.21
1717,INDIVIDUAL,13618.129999999996,343.89
1175,COOPERATIVA,21628.200000000004,1244.73
796,EMPRESA AGROPECUARIA,13784.259999999998,303.31
115,COOPERATIVA,14623.679999999997,1067.94
1121,INDIVIDUAL,20613.440000000002,959.29
520,INDIVIDUAL,14582.970000000001,328.23
1427,EMPRESA AGROPECUARIA,28612.82000000001,1071.28
1692,INDIVIDUAL,13700.780000000002,609.3800000000001
1575,EMPRESA AGROPECUARIA,29456.629999999994,1631.3600000000001
414,INDIVIDUAL,6824.729999999997,117.23
1343,COOPERATIVA,28458.27000000001,1869.3200000000002
1253,INDIVIDUAL,7626.8799999999965,127.66
335,EMPRESA AGROPECUARIA,27918.240000000013,1966.16
401,EMPRESA AGROPECUARIA,36367.18000000001,828.37
317,INDIVIDUAL,51523.35000000002,2047.04
1926,ASOCIACION,6811.0700000000015,494.02
1777,EMPRESA AGROPECUARIA,50244.47000000001,2159.07
1778,INDIVIDUAL,7043.299999999997,56.76
25,INDIVIDUAL,29687.740000000023,1015.8199999999999
1300,INDIVIDUAL,21469.930000000004,563.1600000000001
842,INDIVIDUAL,42105.25999999999,1905.27
1656,COOPERATIVA,14682.209999999985,461.69
1456,INDIVIDUAL,6190.689999999994,353.2
1222,COOPERATIVA,35019.680000000015,906.2
1683,ASOCIACION,6512.27,42.4
1972,ASOCIACION,21240.419999999984,536.22
844,INDIVIDUAL,13128.350000000011,900.4300000000001
112,EMPRESA AGROPECUARIA,22620.289999999997,808.5600000000001
210,COOPERATIVA,21865.53,799.0
69,INDIVIDUAL,13830.549999999996,676.6600000000001
1384,INDIVIDUAL,21029.090000000007,645.61
1546,INDIVIDUAL,29041.989999999998,977.67
474,INDIVIDUAL,7029.590000000002,272.2
458,INDIVIDUAL,55949.169999999984,3654.03
4,EMPRESA AGROPECUARIA,13747.519999999997,1537.6799999999998
216,INDIVIDUAL,21016.35000000001,507.14
1185,ASOCIACION,27765.82999999999,1346.06
136,INDIVIDUAL,14178.920000000004,653.48
46,COOPERATIVA,22481.670000000006,1606.45
64,ASOCIACION,20298.18,647.13
1569,INDIVIDUAL,14656.420000000006,529.44
289,ASOCIACION,35203.640000000014,2268.57
1512,ASOCIACION,21163.97,925.72
1239,COOPERATIVA,35984.649999999994,1576.98
1196,INDIVIDUAL,21745.769999999982,1053.01
497,INDIVIDUAL,7125.839999999999,121.57
1513,COOPERATIVA,35765.57999999999,1283.04
1872,ASOCIACION,28948.160000000007,1640.63
1567,INDIVIDUAL,15497.320000000005,317.1
470,EMPRESA AGROPECUARIA,29098.34,643.0699999999999
798,INDIVIDUAL,14055.110000000008,452.16
1440,EMPRESA AGROPECUARIA,14681.779999999999,2360.88
1637,ASOCIACION,35212.0,3494.57
1420,INDIVIDUAL,6170.739999999999,124.5
91,INDIVIDUAL,22305.23,303.14
1183,EMPRESA AGROPECUARIA,14172.800000000005,892.49
1077,EMPRESA AGROPECUARIA,42720.16,1422.49
1780,EMPRESA AGROPECUARIA,34454.030000000006,3056.11
1653,INDIVIDUAL,15425.32,134.18
859,COOPERATIVA,29232.25,693.4
716,ASOCIACION,7275.980000000001,329.2
947,INDIVIDUAL,21685.28,493.78
498,ASOCIACION,7160.879999999998,501.9
1794,COOPERATIVA,21600.709999999992,465.19000000000005
202,INDIVIDUAL,20924.45,1428.74
323,ASOCIACION,6931.150000000001,158.3
438,INDIVIDUAL,15059.280000000004,768.3
691,COMUNIDAD,50363.820000000014,2459.87
874,ASOCIACION,44586.380000000005,2281.99
197,ASOCIACION,14436.949999999997,308.77
448,ASOCIACION,29597.780000000006,1952.97
111,ASOCIACION,14194.11,311.33
307,EMPRESA AGROPECUARIA,28623.180000000004,497.77
1555,INDIVIDUAL,14631.579999999994,748.1899999999999
1470,COOPERATIVA,43387.84999999999,2370.22
831,COOPERATIVA,30050.509999999995,465.64
1646,INDIVIDUAL,7332.639999999999,490.64
864,INDIVIDUAL,22310.03,295.34
519,COOPERATIVA,29584.620000000017,1930.41
605,COMUNIDAD,14637.169999999998,477.71999999999997
1843,INDIVIDUAL,29594.760000000006,1167.9
106,EMPRESA AGROPECUARIA,20453.88,307.3
669,ASOCIACION,43999.92999999998,1108.86
1789,INDIVIDUAL,22234.109999999993,802.02
1709,INDIVIDUAL,7022.57,410.21
1772,INDIVIDUAL,14702.979999999996,637.23
14,COOPERATIVA,21652.98999999999,2316.06
853,INDIVIDUAL,30014.90999999999,730.33
916,COMUNIDAD,7520.409999999999,116.68
1061,INDIVIDUAL,22181.510000000002,734.24
1609,EMPRESA AGROPECUARIA,22290.149999999994,557.5
1484,COMUNIDAD,42858.67,2162.77
766,INDIVIDUAL,29222.67,1161.3400000000001
913,INDIVIDUAL,21534.999999999993,670.99
567,EMPRESA AGROPECUARIA,14267.009999999995,271.18
1587,INDIVIDUAL,14318.990000000002,609.3
482,INDIVIDUAL,7844.209999999998,368.75
1382,ASOCIACION,14958.300000000001,486.92999999999995
265,INDIVIDUAL,29311.040000000015,1328.94
763,ASOCIACION,14355.190000000004,1006.2600000000001
1377,ASOCIACION,56495.33999999998,2379.78
1557,INDIVIDUAL,14549.909999999998,550.56
1486,EMPRESA AGROPECUARIA,30045.34000000001,1260.77
819,ASOCIACION,7963.269999999996,314.82
664,ASOCIACION,29807.570000000014,1478.2
195,INDIVIDUAL,27617.01999999999,534.48
1730,INDIVIDUAL,23357.23,834.66
177,INDIVIDUAL,20810.259999999987,229.58
376,INDIVIDUAL,7285.530000000001,183.41
740,INDIVIDUAL,20491.12,1361.74
1397,ASOCIACION,7133.539999999996,248.37
517,INDIVIDUAL,7692.250000000004,1017.62
1301,COOPERATIVA,27671.0,1005.3199999999999
737,INDIVIDUAL,36234.19,2979.86
1043,ASOCIACION,22815.019999999997,1072.21
1649,INDIVIDUAL,14580.240000000002,525.18
1263,ASOCIACION,14864.190000000006,358.94
377,ASOCIACION,28878.72000000002,826.18
985,ASOCIACION,22328.680000000008,471.68
393,INDIVIDUAL,15065.619999999992,322.71000000000004
539,INDIVIDUAL,26449.54,1574.19
1716,INDIVIDUAL,28167.129999999997,1573.6599999999999
298,INDIVIDUAL,21502.270000000004,1617.52
1492,ASOCIACION,22255.18,563.59
720,ASOCIACION,21599.24000000001,1330.8200000000002
825,ASOCIACION,27631.76000000001,1975.53
925,ASOCIACION,28170.47,1329.24
3,COOPERATIVA,13745.989999999998,259.81
1315,EMPRESA AGROPECUARIA,35250.83,2095.42
219,COOPERATIVA,36080.99,2105.16
461,COOPERATIVA,7637.729999999996,156.01
880,COOPERATIVA,36095.46000000001,1992.61
848,COOPERATIVA,14409.109999999993,360.8
1550,INDIVIDUAL,14733.4,866.69
1381,INDIVIDUAL,51592.12000000002,3204.67
858,ASOCIACION,14941.970000000005,677.86
1158,INDIVIDUAL,14631.870000000006,444.72
745,ASOCIACION,30281.6,1483.9299999999998
1216,INDIVIDUAL,12871.500000000004,261.39
1719,EMPRESA AGROPECUARIA,21801.819999999992,509.04999999999995
383,ASOCIACION,7367.77,160.15
866,EMPRESA AGROPECUARIA,28212.37000000002,686.99
36,ASOCIACION,14383.789999999994,765.62
732,INDIVIDUAL,14352.429999999998,533.53
863,EMPRESA AGROPECUARIA,34709.04000000002,1522.63
75,ASOCIACION,15613.71,846.8100000000001
1726,ASOCIACION,21130.669999999995,2247.92
1439,ASOCIACION,21493.460000000003,1377.45
415,EMPRESA AGROPECUARIA,35151.90999999999,2075.94
1051,INDIVIDUAL,14247.010000000004,377.58
932,INDIVIDUAL,21721.02,1602.4
671,INDIVIDUAL,35473.80999999998,2773.77
1410,ASOCIACION,35648.46,742.96
1660,INDIVIDUAL,29573.079999999987,979.5699999999999
62,EMPRESA AGROPECUARIA,29640.69999999999,2095.3999999999996
1746,EMPRESA AGROPECUARIA,21668.569999999996,1645.15
783,ASOCIACION,14298.380000000001,776.51
1306,INDIVIDUAL,14571.830000000005,685.36
1448,ASOCIACION,28860.270000000008,1064.13
1119,ASOCIACION,28123.63000000001,2566.6400000000003
1714,COOPERATIVA,14388.48999999999,646.57
226,ASOCIACION,21176.179999999986,1257.96
273,ASOCIACION,21683.929999999993,855.31
1391,INDIVIDUAL,14471.939999999997,2104.32
1950,INDIVIDUAL,21229.7,1837.66
677,INDIVIDUAL,23026.76,586.1500000000001
404,INDIVIDUAL,14984.770000000004,246.47
1666,COMUNIDAD,7265.100000000004,134.61
1036,ASOCIACION,30074.000000000007,2334.08
1966,ASOCIACION,21563.340000000007,1133.8
1502,ASOCIACION,15042.720000000005,441.16999999999996
988,COOPERATIVA,29048.81,1101.95
97,INDIVIDUAL,21520.49999999999,4831.94
1564,INDIVIDUAL,22301.71999999999,697.0
589,INDIVIDUAL,29057.189999999995,2343.7799999999997
179,INDIVIDUAL,21502.640000000007,744.37
119,COMUNIDAD,15523.249999999993,1139.35
1227,ASOCIACION,6667.229999999999,279.08
38,INDIVIDUAL,7269.180000000003,104.43
818,COOPERATIVA,36957.99,1416.55
268,COOPERATIVA,7804.500000000004,249.88
513,INDIVIDUAL,37785.36,1279.06
1217,INDIVIDUAL,6622.270000000002,165.54
1598,ASOCIACION,13245.23,453.13000000000005
879,INDIVIDUAL,8036.579999999997,152.03
178,ASOCIACION,6820.71,497.81
274,INDIVIDUAL,29565.439999999995,1346.94
86,EMPRESA AGROPECUARIA,20148.99,3452.16
871,ASOCIACION,41914.25999999999,1525.9499999999998
1824,COOPERATIVA,6555.219999999999,126.48
945,INDIVIDUAL,14345.349999999999,613.96
799,ASOCIACION,20487.26,1146.42
1291,ASOCIACION,35590.55999999998,2073.2799999999997
1737,EMPRESA AGROPECUARIA,14905.43,257.37
712,EMPRESA AGROPECUARIA,29100.939999999995,1390.93
965,INDIVIDUAL,36263.18,1478.81
655,COOPERATIVA,7619.829999999995,1480.4
601,EMPRESA AGROPECUARIA,28509.710000000006,771.62
1588,COOPERATIVA,13626.099999999995,1037.46
1838,EMPRESA AGROPECUARIA,27523.550000000003,1355.1599999999999
1694,ASOCIACION,6678.8499999999985,76.24
1845,ASOCIACION,20863.72,968.23
493,ASOCIACION,14101.93,1283.47
155,COOPERATIVA,57266.490000000005,2214.28
1361,INDIVIDUAL,20858.980000000003,1852.05
1415,INDIVIDUAL,15311.640000000003,510.89
1245,INDIVIDUAL,20777.479999999996,764.56
1562,ASOCIACION,15058.730000000003,1079.94
51,INDIVIDUAL,29456.819999999992,1277.54
504,ASOCIACION,14434.119999999995,681.98
828,INDIVIDUAL,13808.309999999998,646.0699999999999
689,INDIVIDUAL,28849.250000000004,3011.48
1799,COOPERATIVA,8131.400000000003,295.34
651,INDIVIDUAL,29604.280000000013,908.99
324,INDIVIDUAL,22852.87,843.3599999999999
1113,INDIVIDUAL,22079.48,1226.21
160,INDIVIDUAL,23091.53,656.8399999999999
1499,INDIVIDUAL,28982.870000000003,618.31
867,INDIVIDUAL,41772.52999999998,1783.52
1837,EMPRESA AGROPECUARIA,28436.149999999998,1827.02
901,EMPRESA AGROPECUARIA,20865.299999999996,994.48
100,ASOCIACION,21238.619999999995,508.24
302,INDIVIDUAL,29193.899999999994,1750.7399999999998
214,ASOCIACION,22985.389999999996,1876.52
806,INDIVIDUAL,7939.7100000000055,217.13
353,ASOCIACION,7316.289999999999,1275.54
1615,ASOCIACION,7150.7300000000005,225.76
162,EMPRESA AGROPECUARIA,14744.129999999996,352.62
507,ASOCIACION,22408.440000000017,594.72
1324,INDIVIDUAL,57756.82000000001,4005.58
845,ASOCIACION,14239.870000000004,355.35
303,ASOCIACION,37550.89999999999,1550.1399999999999
662,INDIVIDUAL,36266.56,784.4399999999999
881,COOPERATIVA,20925.909999999993,408.22
810,ASOCIACION,7480.319999999995,238.08
1507,ASOCIACION,13144.680000000004,353.42
233,ASOCIACION,37037.82999999999,1152.16
251,ASOCIACION,34864.87999999999,2407.68
1295,EMPRESA AGROPECUARIA,35030.579999999994,936.55
1570,EMPRESA AGROPECUARIA,14246.140000000005,398.22999999999996
910,ASOCIACION,28391.04,1327.19
153,INDIVIDUAL,28832.890000000007,529.8
673,COMUNIDAD,22022.359999999997,2038.1599999999999
1394,ASOCIACION,6567.97,201.38
703,INDIVIDUAL,13674.560000000001,1504.1599999999999
1937,INDIVIDUAL,7177.260000000004,298.61
1670,COOPERATIVA,7531.110000000001,163.85
1903,ASOCIACION,7617.149999999998,296.4
692,INDIVIDUAL,8051.880000000003,358.08
624,ASOCIACION,35733.06999999999,1795.6999999999998
1293,EMPRESA AGROPECUARIA,22265.33000000001,1146.3
1285,INDIVIDUAL,20919.59999999999,448.72
1822,INDIVIDUAL,15619.96,520.25
1445,INDIVIDUAL,21200.30999999998,640.35
1997,INDIVIDUAL,56578.78,2168.52
1869,INDIVIDUAL,28135.749999999993,1369.34
1336,COOPERATIVA,14104.559999999998,593.74
1491,INDIVIDUAL,21566.999999999996,1682.56
1142,COOPERATIVA,7130.009999999998,1505.16
862,INDIVIDUAL,51384.899999999994,4226.9400000000005
1176,COOPERATIVA,20213.749999999993,689.1
471,EMPRESA AGROPECUARIA,7479.479999999997,53.93
93,COOPERATIVA,29554.29999999998,1752.14
1650,ASOCIACION,29164.46999999999,1794.17
1910,ASOCIACION,7187.559999999999,345.02
1070,INDIVIDUAL,20917.980000000003,584.55
1774,EMPRESA AGROPECUARIA,14705.040000000005,701.32
1302,EMPRESA AGROPECUARIA,15326.990000000002,767.41
396,COMUNIDAD,36382.66000000001,1787.71
547,INDIVIDUAL,52058.95000000002,2871.65
221,ASOCIACION,36309.56999999999,1210.42
473,INDIVIDUAL,34240.96999999999,1269.52
255,ASOCIACION,21442.79,655.48
1131,INDIVIDUAL,15195.439999999991,232.83999999999997
1535,INDIVIDUAL,14304.740000000002,1169.6100000000001
137,INDIVIDUAL,21663.74,959.51
1500,INDIVIDUAL,21249.789999999994,651.12
426,INDIVIDUAL,35253.53000000001,962.99
1990,EMPRESA AGROPECUARIA,7383.130000000001,282.5
1738,INDIVIDUAL,14291.290000000005,154.92000000000002
1455,COOPERATIVA,30073.809999999998,697.12
762,INDIVIDUAL,21400.16,896.88
1672,ASOCIACION,21929.089999999997,762.05
1858,INDIVIDUAL,28844.130000000005,1289.5900000000001
1430,INDIVIDUAL,29111.179999999997,1365.78
1595,INDIVIDUAL,14358.23,787.08
995,INDIVIDUAL,35619.000000000015,2065.65
1063,INDIVIDUAL,14814.189999999997,918.9
1363,ASOCIACION,27365.43,924.49
765,COOPERATIVA,21595.8,812.8199999999999
161,EMPRESA AGROPECUARIA,14089.880000000001,923.13
903,EMPRESA AGROPECUARIA,14718.869999999999,633.04
767,COOPERATIVA,6661.13,65.85
1853,ASOCIACION,27171.419999999995,524.65
1682,INDIVIDUAL,14586.510000000006,413.95
1477,ASOCIACION,21382.880000000005,775.08
1969,INDIVIDUAL,26935.720000000005,1021.23
960,EMPRESA AGROPECUARIA,42351.73999999999,1467.3999999999999
561,COMUNIDAD,7687.349999999999,545.9
752,INDIVIDUAL,42129.78999999998,1562.62
568,INDIVIDUAL,29421.69,986.0
1809,INDIVIDUAL,7713.600000000005,365.68
1385,ASOCIACION,20564.359999999993,386.5
1942,INDIVIDUAL,50646.62000000002,2407.94
1867,ASOCIACION,29489.779999999984,1287.17
1328,COMUNIDAD,28566.760000000002,918.38
1012,INDIVIDUAL,13017.050000000003,322.28
147,COOPERATIVA,27005.179999999993,492.6
343,ASOCIACION,13673.279999999995,193.26
1702,INDIVIDUAL,29749.670000000006,926.8599999999999
1559,COMUNIDAD,43748.83000000003,3008.4
199,INDIVIDUAL,43627.67999999999,1858.6100000000001
979,INDIVIDUAL,20988.460000000003,1552.72
1648,INDIVIDUAL,7243.0199999999995,551.33
43,COOPERATIVA,28325.34,1035.65
1584,COOPERATIVA,35789.00000000001,1091.76
756,INDIVIDUAL,7569.0799999999945,127.37
1248,INDIVIDUAL,14601.95,1061.92
116,COOPERATIVA,22018.819999999996,794.0799999999999
224,COOPERATIVA,7392.059999999991,652.11
135,INDIVIDUAL,13599.429999999998,1568.37
486,EMPRESA AGROPECUARIA,7203.209999999999,235.43
1846,INDIVIDUAL,44774.50999999996,2450.6
1674,ASOCIACION,22040.29,731.3
1857,COOPERATIVA,13620.899999999998,485.77000000000004
1503,COOPERATIVA,28245.98999999999,1137.0700000000002
1083,ASOCIACION,44410.159999999996,870.97
1882,ASOCIACION,35036.76,2013.1100000000001
1264,INDIVIDUAL,22113.590000000007,739.73
1224,COOPERATIVA,49834.729999999974,1075.42
1592,INDIVIDUAL,20429.840000000004,621.24
1153,ASOCIACION,35778.42,1297.01
1864,COMUNIDAD,14179.399999999998,798.3
1432,COMUNIDAD,15054.140000000003,388.1
10,ASOCIACION,36985.48000000001,1197.35
964,COOPERATIVA,13804.509999999998,871.01
909,INDIVIDUAL,13578.509999999998,529.32
432,INDIVIDUAL,21660.670000000002,689.02
464,COOPERATIVA,22555.18999999999,868.11
1238,ASOCIACION,6793.6900000000005,266.36
654,ASOCIACION,15951.759999999995,425.45
1205,INDIVIDUAL,21928.020000000008,964.97
1796,ASOCIACION,22055.949999999997,989.27
1111,INDIVIDUAL,22342.909999999993,689.48
1215,ASOCIACION,14728.849999999997,628.27
1396,INDIVIDUAL,35573.97000000001,4832.790000000001
29,INDIVIDUAL,28989.30999999999,1789.61
1034,INDIVIDUAL,6094.750000000004,344.74
240,EMPRESA AGROPECUARIA,21494.94000000001,612.97
838,INDIVIDUAL,28721.949999999993,1243.51
683,INDIVIDUAL,7213.119999999996,813.03
170,ASOCIACION,13943.92,508.25
1543,INDIVIDUAL,7740.589999999997,585.85
1457,INDIVIDUAL,21747.97000000001,2618.26
674,EMPRESA AGROPECUARIA,36460.16,2316.85
176,INDIVIDUAL,7724.920000000003,257.4
1835,INDIVIDUAL,6327.839999999998,224.33
1617,INDIVIDUAL,21339.85,919.4499999999999
1696,ASOCIACION,15404.199999999993,401.47
241,COOPERATIVA,37762.700000000004,2354.99
726,COOPERATIVA,13856.629999999994,224.19
502,COOPERATIVA,43676.77,2128.5
1357,INDIVIDUAL,28629.45,1107.05
372,INDIVIDUAL,14044.320000000003,451.07000000000005
236,INDIVIDUAL,14294.3,403.34000000000003
836,COOPERATIVA,7301.969999999992,246.81
1624,COOPERATIVA,21701.059999999998,2047.34
1118,ASOCIACION,43663.79999999999,1051.35
40,INDIVIDUAL,6696.989999999997,718.52
1033,INDIVIDUAL,51599.20999999999,2013.57
1,INDIVIDUAL,21954.459999999992,888.37
998,ASOCIACION,14515.58,739.05
1256,ASOCIACION,28981.339999999997,1803.71
1755,INDIVIDUAL,14800.989999999998,329.87
830,INDIVIDUAL,28235.509999999995,1727.62
1212,INDIVIDUAL,27306.43000000001,1310.29
7,ASOCIACION,29056.16999999999,1751.99
320,INDIVIDUAL,28994.16000000003,1755.53
397,ASOCIACION,21373.549999999992,1183.15
70,COMUNIDAD,51920.009999999995,1580.1
1282,ASOCIACION,29059.160000000003,962.98
722,INDIVIDUAL,28810.389999999985,1156.6899999999998
1627,INDIVIDUAL,14425.399999999998,956.09
1123,INDIVIDUAL,13856.83,337.5
943,ASOCIACION,13343.300000000003,920.3299999999999
1768,EMPRESA AGROPECUARIA,7574.359999999998,206.83
1129,ASOCIACION,35300.240000000005,1159.97
1307,ASOCIACION,7698.769999999999,339.33
1844,INDIVIDUAL,26894.24,752.09
1813,ASOCIACION,36134.26000000001,1922.1100000000001
1116,ASOCIACION,44139.970000000016,2138.0299999999997
272,INDIVIDUAL,7375.969999999995,219.59
239,INDIVIDUAL,20507.739999999998,311.58000000000004
1775,INDIVIDUAL,21298.569999999992,1366.11
1231,INDIVIDUAL,15196.730000000003,1284.6299999999999
1506,COOPERATIVA,23356.380000000005,2525.23
421,INDIVIDUAL,6609.730000000003,186.17
1352,COOPERATIVA,21339.55,505.03
1152,INDIVIDUAL,6495.1,441.67
641,ASOCIACION,28407.36,775.86
1928,INDIVIDUAL,48827.68000000001,2814.96
1594,EMPRESA AGROPECUARIA,28943.739999999998,994.11
885,INDIVIDUAL,7715.679999999995,239.09
1290,INDIVIDUAL,22083.39,1661.2
1597,INDIVIDUAL,14594.119999999999,898.0600000000001
1558,EMPRESA AGROPECUARIA,14092.109999999997,1110.05
1817,INDIVIDUAL,22039.480000000003,1464.73
559,INDIVIDUAL,14203.409999999994,797.02
653,INDIVIDUAL,29354.809999999998,1706.13
573,INDIVIDUAL,7553.8700000000035,170.37
1173,ASOCIACION,14646.059999999994,435.33000000000004
509,INDIVIDUAL,6950.310000000001,214.47
1906,INDIVIDUAL,14199.58,396.93
174,COOPERATIVA,43157.03000000001,1715.1100000000001
680,ASOCIACION,21680.85,255.89
1764,INDIVIDUAL,14132.02,444.97
823,INDIVIDUAL,7470.630000000003,261.98
1194,ASOCIACION,7210.949999999993,903.79
1400,ASOCIACION,28273.400000000016,800.2800000000001
1099,COOPERATIVA,7010.350000000001,325.88
398,ASOCIACION,35975.119999999995,1503.04
719,ASOCIACION,21495.699999999997,1730.94
283,COOPERATIVA,42953.259999999995,1074.94
1804,ASOCIACION,14720.29,332.14
1601,INDIVIDUAL,27537.35999999999,816.45
1918,INDIVIDUAL,22308.19,1926.26
1438,EMPRESA AGROPECUARIA,52159.47999999998,1743.22
585,INDIVIDUAL,14548.090000000006,937.52
469,COMUNIDAD,51122.65000000004,1304.35
1611,COOPERATIVA,14212.470000000001,449.53999999999996
1698,EMPRESA AGROPECUARIA,6439.55,307.73
1451,ASOCIACION,35317.22000000003,1040.23
1146,INDIVIDUAL,29210.91999999998,1088.71
488,COOPERATIVA,27958.939999999995,1877.48
1852,EMPRESA AGROPECUARIA,13564.319999999994,361.14
290,INDIVIDUAL,22163.799999999992,745.52
1851,ASOCIACION,6985.59,100.55
618,ASOCIACION,35291.45999999996,1973.28
1996,INDIVIDUAL,22053.340000000004,322.04
126,COMUNIDAD,15097.16,561.24
1909,COOPERATIVA,6965.669999999997,130.27
908,ASOCIACION,35461.670000000006,1970.3899999999999
562,INDIVIDUAL,21221.97,1628.72
1591,ASOCIACION,6771.849999999995,272.72
1706,INDIVIDUAL,29380.110000000008,876.16
1000,COMUNIDAD,6715.699999999999,309.34
431,INDIVIDUAL,7057.089999999998,133.57
148,INDIVIDUAL,14225.64999999999,501.84000000000003
1252,COOPERATIVA,14194.439999999999,1480.69
914,EMPRESA AGROPECUARIA,42548.39,1074.3400000000001
1884,ASOCIACION,22456.579999999998,527.86
741,INDIVIDUAL,58880.05999999999,2614.77
1162,INDIVIDUAL,51976.57,2031.29
835,COOPERATIVA,43811.47,1264.06
277,ASOCIACION,21722.609999999993,612.92
1786,ASOCIACION,28523.62,1293.34
1028,INDIVIDUAL,20614.22,1112.37
918,ASOCIACION,49586.53999999999,1513.23
1566,INDIVIDUAL,14168.610000000002,541.79
608,ASOCIACION,35713.93999999999,2056.56
560,INDIVIDUAL,22480.35999999999,633.47
61,COOPERATIVA,36674.56,1148.83
34,COOPERATIVA,35726.64,1751.86
1537,ASOCIACION,14696.970000000001,408.5
229,INDIVIDUAL,28917.509999999987,658.09
1447,INDIVIDUAL,14307.070000000005,569.1200000000001
150,INDIVIDUAL,21676.94,878.3100000000001
1392,COOPERATIVA,14692.010000000004,458.48
822,INDIVIDUAL,14247.149999999998,912.47
865,ASOCIACION,28877.790000000005,1432.32
1687,INDIVIDUAL,14083.619999999999,794.4100000000001
227,COOPERATIVA,21076.469999999994,1545.8000000000002
1785,EMPRESA AGROPECUARIA,7307.06,157.56
966,COOPERATIVA,6185.570000000001,176.61
1003,COOPERATIVA,14105.620000000012,763.4
1665,ASOCIACION,27381.43,1987.9099999999999
196,INDIVIDUAL,7175.740000000004,58.46
1946,INDIVIDUAL,14064.319999999996,495.26
1096,INDIVIDUAL,22030.01,1313.92
1386,ASOCIACION,43439.950000000004,3054.29
1370,COOPERATIVA,27851.7,1164.82
698,COOPERATIVA,36091.549999999996,908.74
1054,INDIVIDUAL,28725.100000000002,858.85
128,EMPRESA AGROPECUARIA,14896.939999999995,752.8
338,COOPERATIVA,27161.390000000014,999.8100000000001
1731,INDIVIDUAL,13678.950000000006,675.37
1294,INDIVIDUAL,19783.59999999999,543.8199999999999
1091,ASOCIACION,14157.650000000005,212.99
1548,INDIVIDUAL,26877.489999999998,940.78
345,ASOCIACION,30211.16,601.3299999999999
1915,COOPERATIVA,21826.799999999996,619.11
94,COOPERATIVA,28456.34999999999,1832.0700000000002
1828,EMPRESA AGROPECUARIA,29337.02999999999,1336.68
1703,COMUNIDAD,22107.179999999997,1111.85
672,ASOCIACION,7512.169999999993,68.92
1986,EMPRESA AGROPECUARIA,13299.870000000003,702.13
646,INDIVIDUAL,29194.429999999997,1125.32
1974,COOPERATIVA,14758.459999999994,320.86
1812,INDIVIDUAL,42292.14000000003,3675.67
753,INDIVIDUAL,20494.749999999993,674.63
1140,INDIVIDUAL,35863.890000000014,2127.56
1713,EMPRESA AGROPECUARIA,12445.500000000004,559.28
1092,EMPRESA AGROPECUARIA,42067.18999999997,2696.33
1516,COMUNIDAD,12767.940000000002,1045.12
49,INDIVIDUAL,20846.809999999994,1157.04
1919,EMPRESA AGROPECUARIA,36830.62999999999,2275.3500000000004
191,INDIVIDUAL,22012.85,1230.79
270,ASOCIACION,21693.82,836.94
1412,INDIVIDUAL,7268.789999999994,655.32
356,COOPERATIVA,36904.539999999986,1978.53
1493,INDIVIDUAL,8164.349999999995,117.18
120,INDIVIDUAL,27997.029999999984,2136.08
1429,INDIVIDUAL,20747.91999999999,669.33
8,INDIVIDUAL,26667.519999999993,2072.24
114,ASOCIACION,28841.95999999999,1400.44
659,COOPERATIVA,7117.229999999995,230.13
1332,COOPERATIVA,21105.480000000003,182.53
19,INDIVIDUAL,6813.919999999998,107.14
1654,INDIVIDUAL,22463.43000000002,1233.32
1781,ASOCIACION,6885.349999999999,701.26
312,INDIVIDUAL,6571.3,132.8
386,INDIVIDUAL,14613.910000000005,293.6
524,EMPRESA AGROPECUARIA,7944.580000000007,110.85
1326,INDIVIDUAL,29038.439999999995,1765.7299999999998
1269,COMUNIDAD,15029.299999999992,459.03
546,ASOCIACION,13481.289999999997,631.71
107,INDIVIDUAL,6870.979999999991,529.97
797,INDIVIDUAL,15164.279999999999,720.27
1338,INDIVIDUAL,13543.510000000006,775.03
1610,INDIVIDUAL,14982.34,296.13
1317,INDIVIDUAL,22487.340000000004,761.44
924,COMUNIDAD,21329.200000000008,858.4
742,INDIVIDUAL,30447.499999999993,1633.46
456,ASOCIACION,14112.539999999995,280.38
676,ASOCIACION,51328.44999999995,2191.86
906,EMPRESA AGROPECUARIA,27849.730000000007,962.29
750,ASOCIACION,22478.919999999984,1513.57
1358,INDIVIDUAL,21760.259999999987,1023.93
636,ASOCIACION,44326.510000000024,2387.46
897,INDIVIDUAL,43129.52999999999,1169.6799999999998
1049,INDIVIDUAL,35535.509999999995,739.06
232,COOPERATIVA,29138.679999999997,1607.23
