sensor_id,regimen
SNS-001,1
SNS-002,0
SNS-003,0
SNS-004,1
SNS-005,1
SNS-006,0
SNS-007,1
SNS-008,1
SNS-009,1
SNS-010,1
SNS-011,1
SNS-012,1
SNS-013,1
SNS-014,1
SNS-015,1
SNS-016,1
SNS-017,1
SNS-018,1
SNS-019,1
SNS-020,1
SNS-021,0
SNS-022,1
SNS-023,1
SNS-024,0
SNS-025,0
SNS-026,1
SNS-027,1
SNS-028,0
SNS-029,1
SNS-030,1
SNS-031,1
SNS-032,1
SNS-033,1
SNS-034,1
SNS-035,0
SNS-036,1
SNS-037,1
SNS-038,1
SNS-039,0
SNS-040,1
SNS-041,1
SNS-042,1
SNS-043,1
SNS-044,1
SNS-045,1
SNS-046,1
SNS-047,1
SNS-048,0
SNS-049,0
SNS-050,1
SNS-051,1
SNS-052,1
SNS-053,1
SNS-054,1
SNS-055,1
SNS-056,1
SNS-057,1
SNS-058,0
SNS-059,1
SNS-060,1
SNS-061,1
SNS-062,1
SNS-063,1
SNS-064,1
SNS-065,1
SNS-066,1
SNS-067,1
SNS-068,1
SNS-069,1
SNS-070,1
SNS-071,1
SNS-072,1
SNS-073,1
SNS-074,1
SNS-075,0
SNS-076,1
SNS-077,1
SNS-078,1
SNS-079,1
SNS-080,1
SNS-081,0
SNS-082,1
SNS-083,1
SNS-084,1
SNS-085,1
SNS-086,1
SNS-087,1
SNS-088,1
SNS-089,0
SNS-090,1
SNS-091,1
SNS-092,1
SNS-093,1
SNS-094,1
SNS-095,1
SNS-096,0
SNS-097,0
SNS-098,1
SNS-099,1
SNS-100,1
