mes,soya,aceite,pet,nino,n_rec,vol,hum,imp,merma,vtas,precio,basis
2021-01,576.000000000000,1099.000000000000,53.600000000000,-1.120000000000,7979,224106.32,12.784935995903739,0.7986514600827179,951.3382669999999,135224.93,570.3468530805687,-29.939165876777253
2021-03,586.000000000000,1285.000000000000,63.800000000000,-0.640000000000,51906,1459793.8399999992,12.560988649999018,0.8127293569144219,5655.323063000002,135257.91,560.1427398523986,-30.180931734317344
2021-04,597.000000000000,1386.000000000000,63.000000000000,-0.470000000000,51758,1455633.569999999,11.414010767956452,0.8095562038718651,4240.936546,128441.16,564.8982132564842,-30.500768491834773
2021-12,554.000000000000,1411.000000000000,72.900000000000,-0.890000000000,7969,224452.18,12.724853278897683,0.8041573597691054,912.914796,136079.13,580.7378578199051,-29.92691943127962
2022-01,606.000000000000,1470.000000000000,83.900000000000,-0.560000000000,8038,226319.10999999996,12.76560299911043,0.8119693953719838,933.8324639999997,139123.76,581.9817944093778,-29.993543733092874
2022-06,737.000000000000,1752.000000000000,116.800000000000,-0.520000000000,7781,218342.94999999995,10.049506286013619,0.7972240071970194,571.994118,128012.63,574.7579414634147,-30.282263414634144
2022-08,671.000000000000,1599.000000000000,96.000000000000,-0.800000000000,8003,225443.30999999997,9.75912034676186,0.8075221791828073,572.8058229999999,126708.14,565.2905632411067,-29.786156126482215
2022-09,664.000000000000,1548.000000000000,88.200000000000,-0.930000000000,51439,1447678.8099999998,10.772861195984289,0.8046635821069615,3800.8501770000003,121785.04,555.1488367546432,-29.712541544477027
2022-11,649.000000000000,1652.000000000000,87.400000000000,-0.740000000000,7676,215649.48999999993,12.015421303656602,0.8135786868160504,700.0907580000002,125740.63,591.6103797468354,-30.304858812074002
2023-11,553.000000000000,1118.000000000000,81.400000000000,1.860000000000,7817,219466.41000000012,12.043626990341938,0.7956863246769863,672.765257,114646.08,574.2538152173913,-30.085152173913045
2021-06,615.000000000000,1518.000000000000,71.800000000000,-0.030000000000,7876,221282.84999999998,10.038791108800213,0.81669248349416,595.669653,126689.08,564.645897187197,-30.127943743937923
2021-08,586.000000000000,1434.000000000000,68.900000000000,-0.360000000000,8020,225524.72000000003,9.737973831300812,0.7936508728179554,545.881415,126262.92,560.0911617100371,-29.462146840148698
2022-12,646.000000000000,1409.000000000000,78.100000000000,-0.630000000000,7990,224703.63999999998,12.715584664536747,0.7979211514392998,914.3890100000001,121014.27,573.4237298387096,-29.93470766129032
2023-03,628.000000000000,1113.000000000000,76.500000000000,-0.080000000000,52472,1473917.5700000003,12.550683298656347,0.8039916526909593,5495.202023,133515.01,551.6623304680038,-30.028634192932188
2021-02,578.000000000000,1124.000000000000,60.500000000000,-1.000000000000,7196,203115.69000000003,13.097810592077243,0.8051500833796559,1027.0342159999996,115388.37,557.35175,-29.202541666666665
2021-07,600.000000000000,1468.000000000000,73.300000000000,-0.180000000000,8006,225232.22999999998,9.662364538285424,0.8019472895328511,536.197922,125037.83,570.0716949152543,-29.854277168494516
2021-09,558.000000000000,1399.000000000000,72.800000000000,-0.490000000000,51423,1444831.02,10.75140154447819,0.8030002139120627,3773.356905000003,125886.56,570.855099009901,-31.043693069306933
2021-10,552.000000000000,1484.000000000000,82.100000000000,-0.740000000000,52250,1469490.8000000003,11.419010533721588,0.8086790430622008,4138.309393000001,127320.38,574.7037963843958,-30.781607992388203
2021-11,551.000000000000,1443.000000000000,79.900000000000,-0.690000000000,7782,218493.13999999996,12.04521111985313,0.8158635312259068,715.0939049999998,132619.53,562.6894318181819,-30.36440340909091
2022-03,721.000000000000,1957.000000000000,112.400000000000,-0.670000000000,52339,1471355.15,12.5563414538924,0.8129570683429187,5697.205996999997,126105.05,573.9342521994134,-29.922072336265884
2022-04,721.000000000000,1948.000000000000,103.400000000000,-0.740000000000,51391,1446847.7399999995,11.414926871862033,0.8047525831371254,4177.4985289999995,128303.47,573.1879766536965,-30.187052529182882
2022-05,724.000000000000,1963.000000000000,110.100000000000,-0.780000000000,52125,1464419.2000000002,10.692959059982792,0.8088539088729018,3963.23823,138062.18,590.7853644859813,-30.00822429906542
2022-07,678.000000000000,1533.000000000000,105.100000000000,-0.500000000000,8088,227414.7100000001,9.65116801210898,0.8060620672601393,525.9090359999999,134293.09,587.3633075435204,-29.05749516441006
2022-10,626.000000000000,1576.000000000000,90.300000000000,-0.830000000000,51840,1458167.4900000002,11.42346083502134,0.809901813271605,4104.307074999999,132386.76,580.240989729225,-29.355238095238093
2023-01,627.000000000000,1352.000000000000,80.400000000000,-0.570000000000,8027,226154.17000000004,12.743130225487713,0.8161355425439151,915.6719640000001,139192.85,540.6731657848325,-30.081190476190475
2023-02,651.000000000000,1243.000000000000,80.300000000000,-0.470000000000,7203,202297.89,13.026747243426637,0.8036109954185762,936.5273330000001,108767.34,569.4347085714286,-29.65848
2023-04,615.000000000000,1030.000000000000,82.500000000000,0.250000000000,50968,1432406.0899999999,11.415017505251578,0.8038969549521269,4131.574365999999,129091.68,570.9583093179634,-30.19297790585975
2023-06,592.000000000000,1007.000000000000,73.300000000000,0.860000000000,7574,212713.59000000005,10.035811285097193,0.7979191972537634,572.923305,119387.19,564.9652380952381,-29.628492063492065
2023-08,584.000000000000,1127.000000000000,84.700000000000,1.200000000000,8090,226575.24999999997,9.762197954803685,0.8080037082818299,568.8399539999999,134368.84,557.6972306238185,-30.008988657844988
2023-10,530.000000000000,1134.000000000000,89.100000000000,1.510000000000,52483,1478022.7599999995,11.411679880300028,0.8088079949697994,4122.4223200000015,124863.91,579.2411630218688,-30.05359840954274
2021-05,647.000000000000,1575.000000000000,66.400000000000,-0.250000000000,52407,1475259.1300000004,10.683017446162232,0.8111460301104816,3973.023412999998,133170.12,566.5164392523365,-29.937
2022-02,662.000000000000,1596.000000000000,93.500000000000,-0.550000000000,7322,206391.5899999999,13.038959932988972,0.8071169079486483,969.581114,107445.44,567.2348651564186,-30.478230852211436
2023-07,634.000000000000,1136.000000000000,79.000000000000,0.970000000000,8118,228647.93999999997,9.676339959738304,0.79639443212614,565.4434729999999,114024.53,582.3767533818939,-29.650072840790845
2023-09,619.000000000000,1112.000000000000,92.200000000000,1.410000000000,51362,1445055.4700000002,10.762753246237542,0.8062172423192242,3830.0797329999978,121846.44,560.82506268081,-29.82277724204436
2023-12,547.000000000000,1062.000000000000,75.700000000000,1.760000000000,8021,225328.81000000003,12.75119989820588,0.7961837676100243,932.7316589999999,130713.84,572.7706284658041,-29.973133086876157
2024-01,547.000000000000,971.000000000000,77.700000000000,1.640000000000,8144,229473.03999999998,12.775683814303642,0.8055316797642444,964.361204,135974.44,578.6452957486136,-30.074306839186693
2024-02,520.000000000000,912.000000000000,80.500000000000,1.390000000000,7394,207121.99,13.09390681003584,0.8070530159588861,1048.510584,116340.6,569.3740560165975,-28.89534232365145
2024-03,487.000000000000,965.000000000000,83.500000000000,1.040000000000,52433,1475723.2199999997,12.566351254061836,0.8021806877348238,5658.620291000001,130084.52,564.9302721088435,-30.126326530612246
2024-04,477.000000000000,959.000000000000,88.000000000000,0.980000000000,51897,1457815.2100000002,11.415211419813733,0.8064213731044182,4189.516508000001,124097.17,575.7778043912175,-29.8012874251497
2024-05,490.000000000000,988.000000000000,81.400000000000,0.500000000000,52273,1470883.71,10.671400956750952,0.8025764735140513,3785.071618,131678.82,575.896778989098,-30.06777006937562
2024-06,480.000000000000,1011.000000000000,81.200000000000,0.370000000000,7724,217278.24,10.033124586257117,0.8089150699119632,603.085415,136723.96,563.9620871985157,-29.84235621521336
2024-07,470.000000000000,1079.000000000000,83.300000000000,0.400000000000,8088,226697.15999999997,9.591092330978809,0.793333333333334,518.265504,125669.23,557.2089990186457,-30.30808635917566
2024-08,400.000000000000,1031.000000000000,78.100000000000,0.190000000000,7989,224433.27999999997,9.756743207041719,0.8151320565777946,540.8745550000001,137356.69,580.6813925233645,-30.030401869158876
2024-09,391.000000000000,1044.000000000000,72.400000000000,-0.100000000000,51142,1439806.0800000003,10.767302433279442,0.8028989871338623,3877.0678890000013,124140.47,590.8421646341462,-29.916260162601624
2024-10,442.000000000000,1095.000000000000,74.000000000000,-0.010000000000,51991,1460856.46,11.429800267096114,0.8101388701890712,4138.681945,126179.46,564.5464015904573,-29.778578528827037
2024-11,436.000000000000,1145.000000000000,72.300000000000,-0.030000000000,7689,216957.62999999998,12.028413857180782,0.7996501495643132,696.197181,125220.57,588.0446788111218,-30.620565675934802
2024-12,409.000000000000,1064.000000000000,72.300000000000,-0.520000000000,7983,224639.38999999996,12.74376858021527,0.7958925216084183,904.588718,132957.35,584.9169628286492,-29.791967361740706
2023-05,595.000000000000,988.000000000000,74.100000000000,0.490000000000,51520,1449660.8300000005,10.68148435951314,0.805158773291925,3767.8690690000003,138724.69,566.2374752920036,-30.03293800539084
