mes,mean,max,count
1990-01,100.0,100.0,78
1990-02,100.0,100.0,68
1990-03,100.0,100.0,91
1990-04,100.0,100.0,78
1990-05,100.0,100.0,89
1990-06,100.0,100.0,87
1990-07,100.0,100.0,77
1990-08,100.0,100.0,78
1990-09,100.0,100.0,99
1990-10,100.0,100.0,94
1990-11,100.0,100.0,97
1990-12,100.0,100.0,74
2010-01,100.0,100.0,89
2010-02,100.0,100.0,71
2010-03,100.0,100.0,75
2010-04,100.0,100.0,86
2010-05,100.0,100.0,91
2010-06,100.0,100.0,79
2010-07,100.0,100.0,92
2010-08,100.0,100.0,89
2010-09,100.0,100.0,91
2010-10,100.0,100.0,85
2010-11,100.0,100.0,84
2010-12,100.0,100.0,80
2021-01,61.5,78.7,8070
2021-02,61.7,87.0,7277
2021-03,63.2,86.6,52428
2021-04,65.3,86.7,52292
2021-05,66.6,87.3,52901
2021-06,66.9,86.8,7963
2021-07,66.9,87.3,8081
2021-08,67.3,86.1,8094
2021-09,67.1,87.3,51948
2021-10,67.4,86.5,52826
2021-11,67.5,86.0,7868
2021-12,67.6,87.5,8047
2022-01,67.8,86.1,8135
2022-02,67.8,85.7,7395
2022-03,67.6,87.4,52858
2022-04,67.5,87.1,51921
2022-05,67.7,86.8,52669
2022-06,67.7,86.7,7860
2022-07,68.0,87.9,8162
2022-08,67.8,87.0,8080
2022-09,67.6,87.4,51955
2022-10,67.7,89.1,52393
2022-11,67.7,86.3,7764
2022-12,67.8,87.0,8078
2023-01,68.0,86.9,8101
2023-02,68.0,87.0,7266
2023-03,67.7,87.2,52974
2023-04,67.7,87.4,51462
2023-05,67.6,86.9,52052
2023-06,67.9,85.7,7645
2023-07,68.1,86.2,8189
2023-08,67.8,85.6,8171
2023-09,67.6,86.7,51890
2023-10,67.7,87.7,52991
2023-11,67.7,86.3,7890
2023-12,68.1,87.3,8095
2024-01,67.9,86.3,8225
2024-02,68.0,86.1,7470
2024-03,67.8,88.0,52960
2024-04,67.6,87.0,52435
2024-05,67.6,88.3,52837
2024-06,68.1,85.7,7797
2024-07,67.8,86.6,8165
2024-08,67.7,86.7,8065
2024-09,67.7,90.0,51637
2024-10,67.5,87.0,52524
2024-11,67.7,86.9,7754
2024-12,68.0,87.0,8060
2025-01,68.3,100.0,7135
2025-02,68.5,100.0,6587
2025-03,67.9,100.0,46510
2025-04,67.6,100.0,46267
2025-05,67.7,100.0,46748
2025-06,68.4,100.0,7061
2025-07,68.2,100.0,7156
2025-08,68.3,100.0,7063
2025-09,67.7,100.0,45799
2025-10,67.6,100.0,46823
2025-11,68.2,100.0,6888
2025-12,68.2,100.0,7215
2050-01,100.0,100.0,79
2050-02,100.0,100.0,84
2050-03,100.0,100.0,89
2050-04,100.0,100.0,78
2050-05,100.0,100.0,71
2050-06,100.0,100.0,95
2050-07,100.0,100.0,74
2050-08,100.0,100.0,82
2050-09,100.0,100.0,107
2050-10,100.0,100.0,84
2050-11,100.0,100.0,82
2050-12,100.0,100.0,88
2099-01,100.0,100.0,71
2099-02,100.0,100.0,86
2099-03,100.0,100.0,75
2099-04,100.0,100.0,96
2099-05,100.0,100.0,74
2099-06,100.0,100.0,92
2099-07,100.0,100.0,82
2099-08,100.0,100.0,71
2099-09,100.0,100.0,81
2099-10,100.0,100.0,99
2099-11,100.0,100.0,80
2099-12,100.0,100.0,86
